pasta_run,configuracao,execucao,config_num,param_CROSSOVER,param_DELTA_MIN,param_IND_SIZE,param_MUTACAO,param_NUM_GENERATIONS,param_NUM_VAR_DIFERENTES,param_POP_SIZE,param_PORCENTAGEM,param_RCE_REPOPULATION_GENERATIONS,best_var_1,best_var_2,best_var_3,best_var_4,best_var_5,best_fitness,best_gen_idx
run_2025-08-21_22-11-53,config_1,1,1,0.9,2,5,0.9,5,1,5,0.2,50,16,17,16,1,27,54.45241486626857,4
run_2025-08-21_22-11-53,config_1,2,1,0.9,2,5,0.9,5,1,5,0.2,50,23,31,10,10,3,61.09729891301109,4
run_2025-08-21_22-11-53,config_1,3,1,0.9,2,5,0.9,5,1,5,0.2,50,0,23,14,29,2,63.26315549340273,4
run_2025-08-21_22-11-53,config_1,4,1,0.9,2,5,0.9,5,1,5,0.2,50,10,30,24,10,18,53.89148964378263,4
run_2025-08-21_22-11-53,config_1,5,1,0.9,2,5,0.9,5,1,5,0.2,50,7,6,22,22,7,60.99743812844282,4
run_2025-08-21_22-11-53,config_2,1,2,0.9,2,5,0.77,5,1,5,0.2,50,17,0,10,25,6,64.46103088747418,4
run_2025-08-21_22-11-53,config_2,2,2,0.9,2,5,0.77,5,1,5,0.2,50,7,2,7,29,15,51.6519701753148,4
run_2025-08-21_22-11-53,config_2,3,2,0.9,2,5,0.77,5,1,5,0.2,50,4,10,25,4,17,53.89148964378268,4
run_2025-08-21_22-11-53,config_2,4,2,0.9,2,5,0.77,5,1,5,0.2,50,18,7,18,30,7,50.92435253976517,4
run_2025-08-21_22-11-53,config_2,5,2,0.9,2,5,0.77,5,1,5,0.2,50,16,1,23,30,6,63.21030899695449,4
run_2025-08-21_22-11-13,config_1,1,1,0.9,2,5,0.77,100,1,5,0.2,50,10,16,10,10,10,37.35402933294375,99
run_2025-08-21_22-11-13,config_1,2,1,0.9,2,5,0.77,100,1,5,0.2,50,29,29,29,29,30,45.51200429701026,99
run_2025-08-21_22-11-13,config_1,3,1,0.9,2,5,0.77,100,1,5,0.2,50,13,19,13,13,13,37.35402933294375,99
run_2025-08-21_22-11-13,config_1,4,1,0.9,2,5,0.77,100,1,5,0.2,50,27,22,22,22,27,50.19952857273991,99
run_2025-08-21_22-23-33,config_1,1,1,0.9,2,5,0.77,100,1,5,0.2,50,30,20,30,30,30,37.35402933294375,99
run_2025-08-21_22-23-33,config_1,2,1,0.9,2,5,0.77,100,1,5,0.2,50,5,17,5,5,17,38.5189038855434,99
run_2025-08-21_22-23-33,config_1,3,1,0.9,2,5,0.77,100,1,5,0.2,50,27,11,27,27,29,37.35402933294379,99
run_2025-08-21_22-23-33,config_1,4,1,0.9,2,5,0.77,100,1,5,0.2,50,15,26,15,15,15,37.45559271642123,99
run_2025-08-21_22-23-33,config_1,5,1,0.9,2,5,0.77,100,1,5,0.2,50,11,20,13,13,13,52.22303357638416,99
run_2025-08-21_22-23-33,config_2,1,2,0.9,2,5,90.0,100,1,5,0.2,50,24,24,6,6,26,50.86900424344032,99
run_2025-08-21_22-23-33,config_2,2,2,0.9,2,5,90.0,100,1,5,0.2,50,7,8,17,7,9,51.90529650881621,99
run_2025-08-21_22-23-33,config_2,3,2,0.9,2,5,90.0,100,1,5,0.2,50,8,3,8,4,4,50.62046726902084,99
run_2025-08-21_22-23-33,config_2,4,2,0.9,2,5,90.0,100,1,5,0.2,50,13,14,27,27,13,51.16019157575857,99
run_2025-08-21_22-23-33,config_2,5,2,0.9,2,5,90.0,100,1,5,0.2,50,9,21,9,9,11,37.35402933294375,99
run_2025-08-21_22-23-33,config_3,1,3,0.9,2,5,0.5,100,1,5,0.2,50,2,3,20,20,2,50.86900424344025,99
run_2025-08-21_22-23-33,config_3,2,3,0.9,2,5,0.5,100,1,5,0.2,50,20,2,16,20,16,52.7841926773345,99
run_2025-08-21_22-23-33,config_3,3,3,0.9,2,5,0.5,100,1,5,0.2,50,13,22,21,21,21,52.32727973261093,99
run_2025-08-21_22-23-33,config_3,4,3,0.9,2,5,0.5,100,1,5,0.2,50,9,11,5,9,5,52.36433802573944,99
run_2025-08-21_22-23-33,config_3,5,3,0.9,2,5,0.5,100,1,5,0.2,50,16,2,16,16,3,38.63626557759999,99
run_2025-08-21_22-49-32,config_1,1,1,0.9,2,5,0.77,100,1,5,0.2,50,3,4,14,14,3,50.86900424344032,99
run_2025-08-21_22-49-32,config_1,2,1,0.9,2,5,0.77,100,1,5,0.2,50,25,20,25,21,21,50.70603867431607,99
run_2025-08-21_22-49-32,config_1,3,1,0.9,2,5,0.77,100,1,5,0.2,50,23,23,29,29,25,51.16019157575857,99
run_2025-08-21_22-49-32,config_1,4,1,0.9,2,5,0.77,100,1,5,0.2,50,16,18,22,22,18,51.66787779075111,99
run_2025-08-21_22-49-32,config_1,5,1,0.9,2,5,0.77,100,1,5,0.2,50,16,22,16,16,16,37.35402933294375,99
run_2025-08-21_22-49-32,config_2,1,2,0.9,2,5,90.0,100,1,5,0.2,50,5,6,16,16,5,50.86900424344032,99
run_2025-08-21_22-49-32,config_2,2,2,0.9,2,5,90.0,100,1,5,0.2,50,30,17,30,30,30,37.35402933294375,99
run_2025-08-21_22-49-32,config_2,3,2,0.9,2,5,90.0,100,1,5,0.2,50,11,17,16,16,13,50.19952857273991,99
run_2025-08-21_22-49-32,config_2,4,2,0.9,2,5,90.0,100,1,5,0.2,50,14,23,14,14,14,37.35402933294375,99
run_2025-08-21_22-49-32,config_2,5,2,0.9,2,5,90.0,100,1,5,0.2,50,13,14,28,28,13,51.16019157575857,99
run_2025-08-21_22-49-32,config_3,1,3,0.9,2,5,0.5,100,1,5,0.2,50,13,21,13,13,13,37.35402933294375,99
run_2025-08-21_22-49-32,config_3,2,3,0.9,2,5,0.5,100,1,5,0.2,50,28,13,17,28,13,54.13487116301643,99
run_2025-08-21_22-49-32,config_3,3,3,0.9,2,5,0.5,100,1,5,0.2,50,19,13,19,19,14,38.56955617823384,99
run_2025-08-21_22-49-32,config_3,4,3,0.9,2,5,0.5,100,1,5,0.2,50,3,17,3,3,3,37.35402933294375,99
run_2025-08-21_22-49-32,config_3,5,3,0.9,2,5,0.5,100,1,5,0.2,50,20,23,26,26,28,51.88137545831324,99
run_2025-08-21_22-49-32,config_4,1,4,0.9,2,5,0.25,100,1,5,0.2,50,24,28,12,2,24,76.59284313761273,99
run_2025-08-21_22-49-32,config_4,2,4,0.9,2,5,0.25,100,1,5,0.2,50,1,23,22,22,3,52.36820530346571,99
run_2025-08-21_22-49-32,config_4,3,4,0.9,2,5,0.25,100,1,5,0.2,50,1,8,1,1,8,38.53470219412254,99
run_2025-08-21_22-49-32,config_4,4,4,0.9,2,5,0.25,100,1,5,0.2,50,23,2,2,2,4,52.32727973261107,99
run_2025-08-21_22-49-32,config_4,5,4,0.9,2,5,0.25,100,1,5,0.2,50,29,20,19,19,29,52.36820530346571,99
run_2025-08-22_09-14-01,config_1,1,1,0.9,2,5,0.9,100,1,10,0.2,50,2,21,2,2,2,37.35402933294375,99
run_2025-08-22_09-14-01,config_1,2,1,0.9,2,5,0.9,100,1,10,0.2,50,10,19,10,10,12,37.35402933294375,99
run_2025-08-22_09-14-01,config_1,3,1,0.9,2,5,0.9,100,1,10,0.2,50,2,3,31,31,2,51.16019157575857,99
run_2025-08-22_09-14-01,config_1,4,1,0.9,2,5,0.9,100,1,10,0.2,50,3,3,10,10,5,50.86900424344032,99
run_2025-08-22_09-14-01,config_1,5,1,0.9,2,5,0.9,100,1,10,0.2,50,0,21,0,0,0,37.35402933294375,99
run_2025-08-22_09-14-01,config_2,1,2,0.8,2,5,0.9,100,1,10,0.2,50,4,20,4,4,6,37.35402933294379,99
run_2025-08-22_09-14-01,config_2,2,2,0.8,2,5,0.9,100,1,10,0.2,50,11,20,11,11,11,37.35402933294375,99
run_2025-08-22_09-14-01,config_2,3,2,0.8,2,5,0.9,100,1,10,0.2,50,16,23,16,16,18,37.35402933294375,99
run_2025-08-22_09-14-01,config_2,4,2,0.8,2,5,0.9,100,1,10,0.2,50,29,22,31,31,31,52.32343788272181,99
run_2025-08-22_09-14-01,config_2,5,2,0.8,2,5,0.9,100,1,10,0.2,50,16,22,16,16,16,37.35402933294375,99
run_2025-08-22_09-14-01,config_3,1,3,0.7,2,5,0.9,100,1,10,0.2,50,6,23,6,6,6,37.35402933294375,99
run_2025-08-22_09-14-01,config_3,2,3,0.7,2,5,0.9,100,1,10,0.2,50,31,3,31,31,31,37.35402933294375,99
run_2025-08-22_09-14-01,config_3,3,3,0.7,2,5,0.9,100,1,10,0.2,50,20,2,20,20,20,37.35402933294379,99
run_2025-08-22_09-14-01,config_3,4,3,0.7,2,5,0.9,100,1,10,0.2,50,22,22,28,28,24,51.16019157575857,99
run_2025-08-22_09-14-01,config_3,5,3,0.7,2,5,0.9,100,1,10,0.2,50,22,2,22,22,24,37.35402933294375,99
run_2025-08-22_09-14-01,config_4,1,4,0.6,2,5,0.9,100,1,10,0.2,50,3,17,3,3,3,37.35402933294375,99
run_2025-08-22_09-14-01,config_4,2,4,0.6,2,5,0.9,100,1,10,0.2,50,2,15,2,2,2,37.35402933294375,99
run_2025-08-22_09-14-01,config_4,3,4,0.6,2,5,0.9,100,1,10,0.2,50,1,19,1,1,1,37.35402933294375,99
run_2025-08-22_09-14-01,config_4,4,4,0.6,2,5,0.9,100,1,10,0.2,50,31,12,31,31,31,37.35402933294375,99
run_2025-08-22_09-14-01,config_4,5,4,0.6,2,5,0.9,100,1,10,0.2,50,19,11,19,19,21,37.38888331705508,99
run_2025-08-22_11-06-39,config_1,1,1,0.9,2,5,0.9,100,1,10,0.2,50,26,9,26,26,26,37.35402933294379,99
run_2025-08-22_11-06-39,config_1,2,1,0.9,2,5,0.9,100,1,10,0.2,50,28,29,1,1,28,50.86900424344032,99
run_2025-08-22_11-06-39,config_1,3,1,0.9,2,5,0.9,100,1,10,0.2,50,18,4,18,18,18,37.38888331705508,99
run_2025-08-22_11-06-39,config_1,4,1,0.9,2,5,0.9,100,1,10,0.2,50,2,30,2,2,4,37.45559271642127,99
run_2025-08-22_11-06-39,config_1,5,1,0.9,2,5,0.9,100,1,10,0.2,50,20,0,20,20,22,37.35402933294375,99
run_2025-08-22_11-06-39,config_2,1,2,0.8,2,5,0.9,100,1,10,0.2,50,14,20,14,14,16,37.35402933294375,99
run_2025-08-22_11-06-39,config_2,2,2,0.8,2,5,0.9,100,1,10,0.2,50,6,14,6,6,6,37.35402933294375,99
run_2025-08-22_11-06-39,config_2,3,2,0.8,2,5,0.9,100,1,10,0.2,50,0,22,0,0,0,37.35402933294375,99
run_2025-08-22_11-06-39,config_2,4,2,0.8,2,5,0.9,100,1,10,0.2,50,26,21,26,26,28,37.35402933294379,99
run_2025-08-22_11-06-39,config_2,5,2,0.8,2,5,0.9,100,1,10,0.2,50,29,14,29,29,29,37.35402933294375,99
run_2025-08-22_11-06-39,config_3,1,3,0.7,2,5,0.9,100,1,10,0.2,50,30,4,30,30,5,38.62046726902093,99
run_2025-08-22_11-06-39,config_3,2,3,0.7,2,5,0.9,100,1,10,0.2,50,24,25,4,4,24,50.86900424344032,99
run_2025-08-22_11-06-39,config_3,3,3,0.7,2,5,0.9,100,1,10,0.2,50,8,9,20,20,8,50.86900424344025,99
run_2025-08-22_11-06-39,config_3,4,3,0.7,2,5,0.9,100,1,10,0.2,50,19,0,19,19,19,37.38888331705508,99
run_2025-08-22_11-06-39,config_3,5,3,0.7,2,5,0.9,100,1,10,0.2,50,22,12,22,22,24,37.35402933294375,99
run_2025-08-22_11-06-39,config_4,1,4,0.6,2,5,0.9,100,1,10,0.2,50,22,16,22,22,24,37.35402933294375,99
run_2025-08-22_11-06-39,config_4,2,4,0.6,2,5,0.9,100,1,10,0.2,50,25,17,25,25,27,37.35402933294379,99
run_2025-08-22_11-06-39,config_4,3,4,0.6,2,5,0.9,100,1,10,0.2,50,28,1,28,28,30,37.35402933294379,99
run_2025-08-22_11-06-39,config_4,4,4,0.6,2,5,0.9,100,1,10,0.2,50,26,8,26,26,26,37.35402933294379,99
run_2025-08-22_11-06-39,config_4,5,4,0.6,2,5,0.9,100,1,10,0.2,50,28,23,28,28,28,37.35402933294375,99
run_2025-08-22_12-50-07,config_1,1,1,0.9,2,5,0.9,100,1,10,0.2,50,31,8,31,31,31,37.35402933294375,99
run_2025-08-22_12-50-07,config_1,2,1,0.9,2,5,0.9,100,1,10,0.2,50,20,7,20,20,7,38.5347021941225,99
run_2025-08-22_12-50-07,config_1,3,1,0.9,2,5,0.9,100,1,10,0.2,50,9,18,9,9,9,37.35402933294375,99
run_2025-08-22_12-50-07,config_1,4,1,0.9,2,5,0.9,100,1,10,0.2,50,12,21,12,12,14,37.35402933294375,99
run_2025-08-22_12-50-07,config_1,5,1,0.9,2,5,0.9,100,1,10,0.2,50,0,13,0,0,0,37.35402933294375,99
run_2025-08-22_12-50-07,config_2,1,2,0.8,2,5,0.9,100,1,10,0.2,50,27,4,27,27,27,37.35402933294379,99
run_2025-08-22_12-50-07,config_2,2,2,0.8,2,5,0.9,100,1,10,0.2,50,13,19,13,13,15,37.35402933294375,99
run_2025-08-22_12-50-07,config_2,3,2,0.8,2,5,0.9,100,1,10,0.2,50,27,5,27,27,29,37.35402933294379,99
run_2025-08-22_12-50-07,config_2,4,2,0.8,2,5,0.9,100,1,10,0.2,50,0,13,0,0,0,37.35402933294375,99
run_2025-08-22_12-50-07,config_2,5,2,0.8,2,5,0.9,100,1,10,0.2,50,24,11,24,24,24,37.35402933294379,99
run_2025-08-22_12-50-07,config_3,1,3,0.7,2,5,0.9,100,1,10,0.2,50,31,19,31,31,31,37.35402933294375,99
run_2025-08-22_12-50-07,config_3,2,3,0.7,2,5,0.9,100,1,10,0.2,50,20,13,20,20,22,37.35402933294375,99
run_2025-08-22_12-50-07,config_3,3,3,0.7,2,5,0.9,100,1,10,0.2,50,28,9,28,28,28,37.35402933294375,99
run_2025-08-22_12-50-07,config_3,4,3,0.7,2,5,0.9,100,1,10,0.2,50,6,1,1,1,3,50.44955681845028,99
run_2025-08-22_12-50-07,config_3,5,3,0.7,2,5,0.9,100,1,10,0.2,50,21,8,21,21,23,37.35402933294375,99
run_2025-08-22_12-50-07,config_4,1,4,0.6,2,5,0.9,100,1,10,0.2,50,22,5,4,4,4,52.33167472531786,99
run_2025-08-22_12-50-07,config_4,2,4,0.6,2,5,0.9,100,1,10,0.2,50,31,6,31,31,31,37.35402933294375,99
run_2025-08-22_12-50-07,config_4,3,4,0.6,2,5,0.9,100,1,10,0.2,50,16,11,16,12,12,50.55375786965458,99
run_2025-08-22_12-50-07,config_4,4,4,0.6,2,5,0.9,100,1,10,0.2,50,15,22,15,15,15,37.35402933294375,99
run_2025-08-22_12-50-07,config_4,5,4,0.6,2,5,0.9,100,1,10,0.2,50,8,14,8,8,14,38.5347021941225,99
run_2025-08-22_14-32-41,config_1,1,1,0.9,2,5,0.9,100,1,10,0.2,50,7,13,7,7,7,37.35402933294375,99
run_2025-08-22_14-32-41,config_1,2,1,0.9,2,5,0.9,100,1,10,0.2,50,31,12,31,31,31,37.35402933294375,99
run_2025-08-22_14-32-41,config_1,3,1,0.9,2,5,0.9,100,1,10,0.2,50,23,4,23,23,25,37.35402933294375,99
run_2025-08-22_14-32-41,config_1,4,1,0.9,2,5,0.9,100,1,10,0.2,50,31,22,31,31,31,37.35402933294375,99
run_2025-08-22_14-32-41,config_1,5,1,0.9,2,5,0.9,100,1,10,0.2,50,29,3,29,29,29,37.35402933294375,99
run_2025-08-22_14-32-41,config_2,1,2,0.8,2,5,0.9,100,1,10,0.2,50,22,22,3,3,24,50.86900424344025,99
run_2025-08-22_14-32-41,config_2,2,2,0.8,2,5,0.9,100,1,10,0.2,50,25,16,25,25,27,37.35402933294379,99
run_2025-08-22_14-32-41,config_2,3,2,0.8,2,5,0.9,100,1,10,0.2,50,27,28,11,11,27,50.86900424344032,99
run_2025-08-22_14-32-41,config_2,4,2,0.8,2,5,0.9,100,1,10,0.2,50,7,15,7,7,9,37.35402933294379,99
run_2025-08-22_14-32-41,config_2,5,2,0.8,2,5,0.9,100,1,10,0.2,50,0,23,0,0,0,37.35402933294375,99
run_2025-08-22_14-32-41,config_3,1,3,0.7,2,5,0.9,100,1,10,0.2,50,3,19,3,3,3,37.35402933294375,99
run_2025-08-22_14-32-41,config_3,2,3,0.7,2,5,0.9,100,1,10,0.2,50,31,24,31,31,25,38.752826324076,99
run_2025-08-22_14-32-41,config_3,3,3,0.7,2,5,0.9,100,1,10,0.2,50,11,30,11,11,30,38.68611692470981,99
run_2025-08-22_14-32-41,config_3,4,3,0.7,2,5,0.9,100,1,10,0.2,50,4,4,21,21,6,50.86900424344032,99
run_2025-08-22_14-32-41,config_3,5,3,0.7,2,5,0.9,100,1,10,0.2,50,10,16,10,10,12,37.35402933294375,99
run_2025-08-22_14-32-41,config_4,1,4,0.6,2,5,0.9,100,1,10,0.2,50,9,15,9,9,9,37.35402933294375,99
run_2025-08-22_14-32-41,config_4,2,4,0.6,2,5,0.9,100,1,10,0.2,50,23,16,23,23,25,37.35402933294375,99
run_2025-08-22_14-32-41,config_4,3,4,0.6,2,5,0.9,100,1,10,0.2,50,24,4,24,24,26,37.35402933294379,99
run_2025-08-22_14-32-41,config_4,4,4,0.6,2,5,0.9,100,1,10,0.2,50,0,1,14,14,0,50.86900424344032,99
run_2025-08-22_14-32-41,config_4,5,4,0.6,2,5,0.9,100,1,10,0.2,50,15,23,15,15,17,37.35402933294375,99
run_2025-08-22_16-11-42,config_1,1,1,0.9,2,5,0.9,100,1,10,0.2,50,27,13,27,27,27,37.35402933294379,99
run_2025-08-22_16-11-42,config_1,2,1,0.9,2,5,0.9,100,1,10,0.2,50,19,1,19,19,19,37.38888331705508,99
run_2025-08-22_16-11-42,config_1,3,1,0.9,2,5,0.9,100,1,10,0.2,50,31,2,31,31,31,37.35402933294375,99
run_2025-08-22_16-11-42,config_1,4,1,0.9,2,5,0.9,100,1,10,0.2,50,28,16,28,28,28,37.35402933294375,99
run_2025-08-22_16-11-42,config_1,5,1,0.9,2,5,0.9,100,1,10,0.2,50,3,18,3,3,3,37.35402933294375,99
run_2025-08-22_16-11-42,config_2,1,2,0.8,2,5,0.9,100,1,10,0.2,50,11,11,22,22,13,50.86900424344032,99
run_2025-08-22_16-11-42,config_2,2,2,0.8,2,5,0.9,100,1,10,0.2,50,7,13,7,7,9,37.35402933294379,99
run_2025-08-22_16-11-42,config_2,3,2,0.8,2,5,0.9,100,1,10,0.2,50,1,1,10,10,3,50.86900424344032,99
run_2025-08-22_16-11-42,config_2,4,2,0.8,2,5,0.9,100,1,10,0.2,50,17,2,17,17,19,37.38888331705508,99
run_2025-08-22_16-11-42,config_2,5,2,0.8,2,5,0.9,100,1,10,0.2,50,3,23,3,3,3,37.35402933294375,99
run_2025-08-22_16-11-42,config_3,1,3,0.7,2,5,0.9,100,1,10,0.2,50,5,19,5,5,7,37.35402933294379,99
run_2025-08-22_16-11-42,config_3,2,3,0.7,2,5,0.9,100,1,10,0.2,50,3,4,11,11,3,50.86900424344032,99
run_2025-08-22_16-11-42,config_3,3,3,0.7,2,5,0.9,100,1,10,0.2,50,6,12,7,7,13,50.86212156755863,99
run_2025-08-22_16-11-42,config_3,4,3,0.7,2,5,0.9,100,1,10,0.2,50,21,16,21,21,16,38.5189038855434,99
run_2025-08-22_16-11-42,config_3,5,3,0.7,2,5,0.9,100,1,10,0.2,50,31,8,31,31,31,37.35402933294375,99
run_2025-08-22_16-11-42,config_4,1,4,0.6,2,5,0.9,100,1,10,0.2,50,30,20,30,30,21,38.51890388554344,99
run_2025-08-22_16-11-42,config_4,2,4,0.6,2,5,0.9,100,1,10,0.2,50,28,18,28,28,28,37.35402933294375,99
run_2025-08-22_16-11-42,config_4,3,4,0.6,2,5,0.9,100,1,10,0.2,50,3,10,3,3,3,37.35402933294375,99
run_2025-08-22_16-11-42,config_4,4,4,0.6,2,5,0.9,100,1,10,0.2,50,29,15,29,29,29,37.35402933294375,99
run_2025-08-22_16-11-42,config_4,5,4,0.6,2,5,0.9,100,1,10,0.2,50,7,13,7,7,7,37.35402933294375,99
run_2025-08-22_17-50-52,config_1,1,1,0.9,2,5,0.9,100,1,10,0.2,50,15,23,15,15,15,37.35402933294375,99
run_2025-08-22_17-50-52,config_1,2,1,0.9,2,5,0.9,100,1,10,0.2,50,5,21,5,5,22,38.5189038855434,99
run_2025-08-22_17-50-52,config_1,3,1,0.9,2,5,0.9,100,1,10,0.2,50,7,13,7,7,7,37.35402933294375,99
run_2025-08-22_17-50-52,config_1,4,1,0.9,2,5,0.9,100,1,10,0.2,50,28,23,28,28,28,37.35402933294375,99
run_2025-08-22_17-50-52,config_1,5,1,0.9,2,5,0.9,100,1,10,0.2,50,22,4,22,22,24,37.35402933294375,99
run_2025-08-22_17-50-52,config_2,1,2,0.8,2,5,0.9,100,1,10,0.2,50,18,11,18,18,20,37.38888331705508,99
run_2025-08-22_17-50-52,config_2,2,2,0.8,2,5,0.9,100,1,10,0.2,50,27,21,27,27,29,37.35402933294379,99
run_2025-08-22_17-50-52,config_2,3,2,0.8,2,5,0.9,100,1,10,0.2,50,11,20,11,11,13,37.35402933294375,99
run_2025-08-22_17-50-52,config_2,4,2,0.8,2,5,0.9,100,1,10,0.2,50,1,23,1,1,1,37.35402933294375,99
run_2025-08-22_17-50-52,config_2,5,2,0.8,2,5,0.9,100,1,10,0.2,50,30,23,30,30,30,37.35402933294375,99
run_2025-08-22_17-50-52,config_3,1,3,0.7,2,5,0.9,100,1,10,0.2,50,28,20,28,28,28,37.35402933294375,99
run_2025-08-22_17-50-52,config_3,2,3,0.7,2,5,0.9,100,1,10,0.2,50,30,19,30,30,30,37.35402933294375,99
run_2025-08-22_17-50-52,config_3,3,3,0.7,2,5,0.9,100,1,10,0.2,50,22,22,0,0,24,50.86900424344025,99
run_2025-08-22_17-50-52,config_3,4,3,0.7,2,5,0.9,100,1,10,0.2,50,22,8,8,8,10,52.27529744183441,99
run_2025-08-22_17-50-52,config_3,5,3,0.7,2,5,0.9,100,1,10,0.2,50,30,13,30,30,30,37.35402933294375,99
run_2025-08-22_17-50-52,config_4,1,4,0.6,2,5,0.9,100,1,10,0.2,50,8,20,8,8,8,37.35402933294375,99
run_2025-08-22_17-50-52,config_4,2,4,0.6,2,5,0.9,100,1,10,0.2,50,16,23,16,16,18,37.35402933294375,99
run_2025-08-22_17-50-52,config_4,3,4,0.6,2,5,0.9,100,1,10,0.2,50,6,1,6,1,6,49.16487455259984,99
run_2025-08-22_17-50-52,config_4,4,4,0.6,2,5,0.9,100,1,10,0.2,50,17,12,12,17,17,50.18767850421145,99
run_2025-08-22_17-50-52,config_4,5,4,0.6,2,5,0.9,100,1,10,0.2,50,5,13,5,5,5,37.35402933294375,99
run_2025-08-22_19-30-26,config_1,1,1,0.9,2,5,0.9,100,1,10,0.2,50,12,18,12,12,12,37.35402933294375,99
run_2025-08-22_19-30-26,config_1,2,1,0.9,2,5,0.9,100,1,10,0.2,50,10,23,10,10,12,37.35402933294375,99
run_2025-08-22_19-30-26,config_1,3,1,0.9,2,5,0.9,100,1,10,0.2,50,15,22,15,15,17,37.35402933294375,99
run_2025-08-22_19-30-26,config_1,4,1,0.9,2,5,0.9,100,1,10,0.2,50,21,14,21,21,23,37.35402933294375,99
run_2025-08-22_19-30-26,config_1,5,1,0.9,2,5,0.9,100,1,10,0.2,50,29,18,29,29,29,37.35402933294375,99
run_2025-08-22_19-30-26,config_2,1,2,0.8,2,5,0.9,100,1,10,0.2,50,30,5,30,30,30,37.35402933294375,99
run_2025-08-22_19-30-26,config_2,2,2,0.8,2,5,0.9,100,1,10,0.2,50,14,20,14,14,14,37.35402933294375,99
run_2025-08-22_19-30-26,config_2,3,2,0.8,2,5,0.9,100,1,10,0.2,50,24,12,24,24,24,37.35402933294379,99
run_2025-08-22_19-30-26,config_2,4,2,0.8,2,5,0.9,100,1,10,0.2,50,26,12,26,26,28,37.35402933294379,99
run_2025-08-22_19-30-26,config_2,5,2,0.8,2,5,0.9,100,1,10,0.2,50,21,2,21,21,23,37.35402933294375,99
run_2025-08-22_19-30-26,config_3,1,3,0.7,2,5,0.9,100,1,10,0.2,50,11,17,11,11,11,37.35402933294375,99
run_2025-08-22_19-30-26,config_3,2,3,0.7,2,5,0.9,100,1,10,0.2,50,24,2,24,24,26,37.35402933294379,99
run_2025-08-22_19-30-26,config_3,3,3,0.7,2,5,0.9,100,1,10,0.2,50,16,23,16,16,18,37.35402933294375,99
run_2025-08-22_19-30-26,config_3,4,3,0.7,2,5,0.9,100,1,10,0.2,50,10,16,10,10,10,37.35402933294375,99
run_2025-08-22_19-30-26,config_3,5,3,0.7,2,5,0.9,100,1,10,0.2,50,10,23,10,10,12,37.35402933294375,99
run_2025-08-22_19-30-26,config_4,1,4,0.6,2,5,0.9,100,1,10,0.2,50,9,15,9,9,9,37.35402933294375,99
run_2025-08-22_19-30-26,config_4,2,4,0.6,2,5,0.9,100,1,10,0.2,50,14,20,14,14,14,37.35402933294375,99
run_2025-08-22_19-30-26,config_4,3,4,0.6,2,5,0.9,100,1,10,0.2,50,16,22,16,16,23,38.5189038855434,99
run_2025-08-22_19-30-26,config_4,4,4,0.6,2,5,0.9,100,1,10,0.2,50,2,16,2,2,2,37.35402933294375,99
run_2025-08-22_19-30-26,config_4,5,4,0.6,2,5,0.9,100,1,10,0.2,50,14,0,14,14,14,37.38888331705508,99
run_2025-08-22_21-09-24,config_1,1,1,0.9,2,5,0.9,100,1,10,0.2,50,7,20,7,7,7,37.35402933294375,99
run_2025-08-22_21-09-24,config_1,2,1,0.9,2,5,0.9,100,1,10,0.2,50,26,6,26,26,7,38.62046726902093,99
run_2025-08-22_21-09-24,config_1,3,1,0.9,2,5,0.9,100,1,10,0.2,50,31,17,31,31,31,37.35402933294375,99
run_2025-08-22_21-09-24,config_1,4,1,0.9,2,5,0.9,100,1,10,0.2,50,10,11,16,16,10,50.86900424344032,99
run_2025-08-22_21-09-24,config_1,5,1,0.9,2,5,0.9,100,1,10,0.2,50,0,17,0,0,2,37.35402933294379,99
run_2025-08-22_21-09-24,config_2,1,2,0.8,2,5,0.9,100,1,10,0.2,50,16,22,16,16,16,37.35402933294375,99
run_2025-08-22_21-09-24,config_2,2,2,0.8,2,5,0.9,100,1,10,0.2,50,27,10,27,27,29,37.35402933294379,99
run_2025-08-22_21-09-24,config_2,3,2,0.8,2,5,0.9,100,1,10,0.2,50,16,9,16,16,16,37.38888331705508,99
run_2025-08-22_21-09-24,config_2,4,2,0.8,2,5,0.9,100,1,10,0.2,50,7,21,7,7,7,37.35402933294375,99
run_2025-08-22_21-09-24,config_2,5,2,0.8,2,5,0.9,100,1,10,0.2,50,2,21,2,2,22,38.5189038855434,99
run_2025-08-22_21-09-24,config_3,1,3,0.7,2,5,0.9,100,1,10,0.2,50,19,6,19,19,19,37.38888331705508,99
run_2025-08-22_21-09-24,config_3,2,3,0.7,2,5,0.9,100,1,10,0.2,50,30,16,30,30,16,38.51890388554344,99
run_2025-08-22_21-09-24,config_3,3,3,0.7,2,5,0.9,100,1,10,0.2,50,24,19,24,20,20,50.70603867431607,99
run_2025-08-22_21-09-24,config_3,4,3,0.7,2,5,0.9,100,1,10,0.2,50,29,13,29,29,29,37.35402933294375,99
run_2025-08-22_21-09-24,config_3,5,3,0.7,2,5,0.9,100,1,10,0.2,50,28,28,12,12,30,50.86900424344032,99
run_2025-08-22_21-09-24,config_4,1,4,0.6,2,5,0.9,100,1,10,0.2,50,14,20,14,14,14,37.35402933294375,99
run_2025-08-22_21-09-24,config_4,2,4,0.6,2,5,0.9,100,1,10,0.2,50,17,23,17,17,17,37.35402933294375,99
run_2025-08-22_21-09-24,config_4,3,4,0.6,2,5,0.9,100,1,10,0.2,50,24,1,24,24,24,37.35402933294379,99
run_2025-08-22_21-09-24,config_4,4,4,0.6,2,5,0.9,100,1,10,0.2,50,20,21,13,13,22,50.86900424344029,99
run_2025-08-22_21-09-24,config_4,5,4,0.6,2,5,0.9,100,1,10,0.2,50,25,18,25,25,27,37.35402933294379,99
run_2025-08-22_22-50-09,config_1,1,1,0.9,2,5,0.9,100,1,10,0.2,50,9,3,9,9,9,37.45559271642123,99
run_2025-08-22_22-50-09,config_1,2,1,0.9,2,5,0.9,100,1,10,0.2,50,27,17,27,27,29,37.35402933294379,99
run_2025-08-22_22-50-09,config_1,3,1,0.9,2,5,0.9,100,1,10,0.2,50,15,21,15,15,15,37.35402933294375,99
run_2025-08-22_22-50-09,config_1,4,1,0.9,2,5,0.9,100,1,10,0.2,50,22,17,17,17,24,50.19952857273989,99
run_2025-08-22_22-50-09,config_1,5,1,0.9,2,5,0.9,100,1,10,0.2,50,30,16,30,30,30,37.35402933294375,99
run_2025-08-22_22-50-09,config_2,1,2,0.8,2,5,0.9,100,1,10,0.2,50,8,15,8,8,8,37.35402933294375,99
run_2025-08-22_22-50-09,config_2,2,2,0.8,2,5,0.9,100,1,10,0.2,50,14,15,7,7,14,50.9694085497779,99
run_2025-08-22_22-50-09,config_2,3,2,0.8,2,5,0.9,100,1,10,0.2,50,21,7,21,21,23,37.35402933294375,99
run_2025-08-22_22-50-09,config_2,4,2,0.8,2,5,0.9,100,1,10,0.2,50,28,17,28,28,28,37.35402933294375,99
run_2025-08-22_22-50-09,config_2,5,2,0.8,2,5,0.9,100,1,10,0.2,50,10,19,10,10,10,37.35402933294375,99
run_2025-08-22_22-50-09,config_3,1,3,0.7,2,5,0.9,100,1,10,0.2,50,23,10,23,23,25,37.35402933294375,99
run_2025-08-22_22-50-09,config_3,2,3,0.7,2,5,0.9,100,1,10,0.2,50,5,5,30,30,6,51.16019157575869,99
run_2025-08-22_22-50-09,config_3,3,3,0.7,2,5,0.9,100,1,10,0.2,50,3,19,3,3,3,37.35402933294375,99
run_2025-08-22_22-50-09,config_3,4,3,0.7,2,5,0.9,100,1,10,0.2,50,14,23,14,14,14,37.35402933294375,99
run_2025-08-22_22-50-09,config_3,5,3,0.7,2,5,0.9,100,1,10,0.2,50,23,11,23,23,25,37.35402933294375,99
run_2025-08-22_22-50-09,config_4,1,4,0.6,2,5,0.9,100,1,10,0.2,50,22,4,22,22,24,37.35402933294375,99
run_2025-08-22_22-50-09,config_4,2,4,0.6,2,5,0.9,100,1,10,0.2,50,29,6,29,29,29,37.35402933294375,99
run_2025-08-22_22-50-09,config_4,3,4,0.6,2,5,0.9,100,1,10,0.2,50,23,13,23,23,23,37.35402933294379,99
run_2025-08-22_22-50-09,config_4,4,4,0.6,2,5,0.9,100,1,10,0.2,50,8,16,8,8,10,37.35402933294375,99
run_2025-08-22_22-50-09,config_4,5,4,0.6,2,5,0.9,100,1,10,0.2,50,24,18,24,24,26,37.35402933294379,99
run_2025-08-23_00-32-17,config_1,1,1,0.9,2,5,0.9,100,1,10,0.2,50,13,21,13,13,13,37.35402933294375,99
run_2025-08-23_00-32-17,config_1,2,1,0.9,2,5,0.9,100,1,10,0.2,50,16,23,16,16,16,37.35402933294375,99
run_2025-08-23_00-32-17,config_1,3,1,0.9,2,5,0.9,100,1,10,0.2,50,30,0,30,30,30,37.35402933294375,99
run_2025-08-23_00-32-17,config_1,4,1,0.9,2,5,0.9,100,1,10,0.2,50,15,15,20,20,15,50.16867673072571,99
run_2025-08-23_00-32-17,config_1,5,1,0.9,2,5,0.9,100,1,10,0.2,50,8,19,8,8,10,37.35402933294375,99
run_2025-08-23_00-32-17,config_2,1,2,0.8,2,5,0.9,100,1,10,0.2,50,25,14,25,25,25,37.35402933294379,99
run_2025-08-23_00-32-17,config_2,2,2,0.8,2,5,0.9,100,1,10,0.2,50,8,16,8,8,10,37.35402933294375,99
run_2025-08-23_00-32-17,config_2,3,2,0.8,2,5,0.9,100,1,10,0.2,50,20,20,4,4,22,50.86900424344025,99
run_2025-08-23_00-32-17,config_2,4,2,0.8,2,5,0.9,100,1,10,0.2,50,25,12,25,25,27,37.35402933294379,99
run_2025-08-23_00-32-17,config_2,5,2,0.8,2,5,0.9,100,1,10,0.2,50,15,23,15,15,17,37.35402933294375,99
run_2025-08-23_00-32-17,config_3,1,3,0.7,2,5,0.9,100,1,10,0.2,50,15,16,9,9,15,50.9694085497779,99
run_2025-08-23_00-32-17,config_3,2,3,0.7,2,5,0.9,100,1,10,0.2,50,18,5,18,18,6,38.63626557759999,99
run_2025-08-23_00-32-17,config_3,3,3,0.7,2,5,0.9,100,1,10,0.2,50,1,21,1,1,1,37.35402933294375,99
run_2025-08-23_00-32-17,config_3,4,3,0.7,2,5,0.9,100,1,10,0.2,50,6,22,6,6,8,37.35402933294379,99
run_2025-08-23_00-32-17,config_3,5,3,0.7,2,5,0.9,100,1,10,0.2,50,20,3,20,20,22,37.35402933294375,99
run_2025-08-23_00-32-17,config_4,1,4,0.6,2,5,0.9,100,1,10,0.2,50,25,9,25,25,27,37.35402933294379,99
run_2025-08-23_00-32-17,config_4,2,4,0.6,2,5,0.9,100,1,10,0.2,50,5,19,5,5,5,37.35402933294375,99
run_2025-08-23_00-32-17,config_4,3,4,0.6,2,5,0.9,100,1,10,0.2,50,21,3,21,21,23,37.35402933294375,99
run_2025-08-23_00-32-17,config_4,4,4,0.6,2,5,0.9,100,1,10,0.2,50,28,13,28,28,28,37.35402933294375,99
run_2025-08-23_00-32-17,config_4,5,4,0.6,2,5,0.9,100,1,10,0.2,50,28,2,28,28,3,38.62046726902093,99
run_2025-08-23_02-14-14,config_1,1,1,0.9,2,5,0.9,100,1,10,0.2,50,17,0,17,17,17,37.38888331705508,99
run_2025-08-23_02-14-14,config_1,2,1,0.9,2,5,0.9,100,1,10,0.2,50,16,23,16,16,18,37.35402933294375,99
run_2025-08-23_02-14-14,config_1,3,1,0.9,2,5,0.9,100,1,10,0.2,50,21,5,21,21,23,37.35402933294375,99
run_2025-08-23_02-14-14,config_1,4,1,0.9,2,5,0.9,100,1,10,0.2,50,5,17,5,5,5,37.35402933294375,99
run_2025-08-23_02-14-14,config_1,5,1,0.9,2,5,0.9,100,1,10,0.2,50,10,16,10,10,12,37.35402933294375,99
run_2025-08-23_02-14-14,config_2,1,2,0.8,2,5,0.9,100,1,10,0.2,50,25,10,25,25,25,37.35402933294379,99
run_2025-08-23_02-14-14,config_2,2,2,0.8,2,5,0.9,100,1,10,0.2,50,20,9,20,20,22,37.35402933294375,99
run_2025-08-23_02-14-14,config_2,3,2,0.8,2,5,0.9,100,1,10,0.2,50,15,22,15,15,15,37.35402933294375,99
run_2025-08-23_02-14-14,config_2,4,2,0.8,2,5,0.9,100,1,10,0.2,50,16,22,21,21,23,50.19952857273995,99
run_2025-08-23_02-14-14,config_2,5,2,0.8,2,5,0.9,100,1,10,0.2,50,23,11,23,23,25,37.35402933294375,99
run_2025-08-23_02-14-14,config_3,1,3,0.7,2,5,0.9,100,1,10,0.2,50,27,1,27,27,29,37.35402933294379,99
run_2025-08-23_02-14-14,config_3,2,3,0.7,2,5,0.9,100,1,10,0.2,50,12,18,14,14,14,50.85323039296907,99
run_2025-08-23_02-14-14,config_3,3,3,0.7,2,5,0.9,100,1,10,0.2,50,31,9,31,31,31,37.35402933294375,99
run_2025-08-23_02-14-14,config_3,4,3,0.7,2,5,0.9,100,1,10,0.2,50,13,14,21,21,13,50.86900424344025,99
run_2025-08-23_02-14-14,config_3,5,3,0.7,2,5,0.9,100,1,10,0.2,50,15,21,17,17,17,50.85323039296907,99
run_2025-08-23_02-14-14,config_4,1,4,0.6,2,5,0.9,100,1,10,0.2,50,5,5,15,15,7,50.86900424344032,99
run_2025-08-23_02-14-14,config_4,2,4,0.6,2,5,0.9,100,1,10,0.2,50,22,10,22,22,22,37.35402933294379,99
run_2025-08-23_02-14-14,config_4,3,4,0.6,2,5,0.9,100,1,10,0.2,50,23,8,23,23,25,37.35402933294375,99
run_2025-08-23_02-14-14,config_4,4,4,0.6,2,5,0.9,100,1,10,0.2,50,12,21,12,12,14,37.35402933294375,99
run_2025-08-23_02-14-14,config_4,5,4,0.6,2,5,0.9,100,1,10,0.2,50,2,2,10,10,4,50.86900424344032,99
run_2025-08-23_03-56-08,config_1,1,1,0.9,2,5,0.9,100,1,10,0.2,50,20,1,20,20,22,37.35402933294375,99
run_2025-08-23_03-56-08,config_1,2,1,0.9,2,5,0.9,100,1,10,0.2,50,20,15,20,20,22,37.35402933294375,99
run_2025-08-23_03-56-08,config_1,3,1,0.9,2,5,0.9,100,1,10,0.2,50,22,17,22,22,24,37.35402933294375,99
run_2025-08-23_03-56-08,config_1,4,1,0.9,2,5,0.9,100,1,10,0.2,50,27,18,27,27,29,37.35402933294379,99
run_2025-08-23_03-56-08,config_1,5,1,0.9,2,5,0.9,100,1,10,0.2,50,4,17,4,4,4,37.35402933294375,99
run_2025-08-23_03-56-08,config_2,1,2,0.8,2,5,0.9,100,1,10,0.2,50,8,14,8,8,14,38.5347021941225,99
run_2025-08-23_03-56-08,config_2,2,2,0.8,2,5,0.9,100,1,10,0.2,50,6,12,11,11,6,50.19952857273991,99
run_2025-08-23_03-56-08,config_2,3,2,0.8,2,5,0.9,100,1,10,0.2,50,11,17,11,11,11,37.35402933294375,99
run_2025-08-23_03-56-08,config_2,4,2,0.8,2,5,0.9,100,1,10,0.2,50,0,16,0,0,2,37.35402933294379,99
run_2025-08-23_03-56-08,config_2,5,2,0.8,2,5,0.9,100,1,10,0.2,50,29,4,29,29,29,37.35402933294375,99
run_2025-08-23_03-56-08,config_3,1,3,0.7,2,5,0.9,100,1,10,0.2,50,24,7,24,24,7,38.53470219412254,99
run_2025-08-23_03-56-08,config_3,2,3,0.7,2,5,0.9,100,1,10,0.2,50,6,17,6,6,6,37.35402933294375,99
run_2025-08-23_03-56-08,config_3,3,3,0.7,2,5,0.9,100,1,10,0.2,50,5,20,5,5,11,50.21944627396041,99
run_2025-08-23_03-56-08,config_3,4,3,0.7,2,5,0.9,100,1,10,0.2,50,28,28,10,10,30,50.86900424344032,99
run_2025-08-23_03-56-08,config_3,5,3,0.7,2,5,0.9,100,1,10,0.2,50,22,7,22,22,7,38.5347021941225,99
run_2025-08-23_03-56-08,config_4,1,4,0.6,2,5,0.9,100,1,10,0.2,50,11,22,11,11,13,37.35402933294375,99
run_2025-08-23_03-56-08,config_4,2,4,0.6,2,5,0.9,100,1,10,0.2,50,24,14,24,24,26,37.35402933294379,99
run_2025-08-23_03-56-08,config_4,3,4,0.6,2,5,0.9,100,1,10,0.2,50,16,2,16,16,16,37.38888331705508,99
run_2025-08-23_03-56-08,config_4,4,4,0.6,2,5,0.9,100,1,10,0.2,50,27,3,27,27,29,37.35402933294379,99
run_2025-08-23_03-56-08,config_4,5,4,0.6,2,5,0.9,100,1,10,0.2,50,20,10,20,20,22,37.35402933294375,99
run_2025-08-23_05-38-44,config_1,1,1,0.9,2,5,0.9,100,1,10,0.2,50,26,18,26,26,26,37.35402933294379,99
run_2025-08-23_05-38-44,config_1,2,1,0.9,2,5,0.9,100,1,10,0.2,50,0,17,0,0,2,37.35402933294379,99
run_2025-08-23_05-38-44,config_1,3,1,0.9,2,5,0.9,100,1,10,0.2,50,27,14,27,27,29,37.35402933294379,99
run_2025-08-23_05-38-44,config_1,4,1,0.9,2,5,0.9,100,1,10,0.2,50,23,1,23,23,25,37.35402933294375,99
run_2025-08-23_05-38-44,config_1,5,1,0.9,2,5,0.9,100,1,10,0.2,50,16,22,16,16,16,37.35402933294375,99
run_2025-08-23_05-38-44,config_2,1,2,0.8,2,5,0.9,100,1,10,0.2,50,8,17,8,8,8,37.35402933294375,99
run_2025-08-23_05-38-44,config_2,2,2,0.8,2,5,0.9,100,1,10,0.2,50,19,6,19,19,19,37.38888331705508,99
run_2025-08-23_05-38-44,config_2,3,2,0.8,2,5,0.9,100,1,10,0.2,50,5,16,5,5,7,37.35402933294379,99
run_2025-08-23_05-38-44,config_2,4,2,0.8,2,5,0.9,100,1,10,0.2,50,22,16,22,22,22,37.35402933294379,99
run_2025-08-23_05-38-44,config_2,5,2,0.8,2,5,0.9,100,1,10,0.2,50,30,9,30,30,30,37.35402933294375,99
run_2025-08-23_05-38-44,config_3,1,3,0.7,2,5,0.9,100,1,10,0.2,50,21,8,21,21,21,37.35402933294379,99
run_2025-08-23_05-38-44,config_3,2,3,0.7,2,5,0.9,100,1,10,0.2,50,21,10,21,21,21,37.35402933294379,99
run_2025-08-23_05-38-44,config_3,3,3,0.7,2,5,0.9,100,1,10,0.2,50,21,7,21,21,8,38.62046726902089,99
run_2025-08-23_05-38-44,config_3,4,3,0.7,2,5,0.9,100,1,10,0.2,50,16,11,16,16,16,37.38888331705508,99
run_2025-08-23_05-38-44,config_3,5,3,0.7,2,5,0.9,100,1,10,0.2,50,3,19,3,3,3,37.35402933294375,99
run_2025-08-23_05-38-44,config_4,1,4,0.6,2,5,0.9,100,1,10,0.2,50,26,10,26,26,10,38.53470219412254,99
run_2025-08-23_05-38-44,config_4,2,4,0.6,2,5,0.9,100,1,10,0.2,50,25,2,25,25,27,37.35402933294379,99
run_2025-08-23_05-38-44,config_4,3,4,0.6,2,5,0.9,100,1,10,0.2,50,4,18,4,4,4,37.35402933294375,99
run_2025-08-23_05-38-44,config_4,4,4,0.6,2,5,0.9,100,1,10,0.2,50,31,10,31,31,31,37.35402933294375,99
run_2025-08-23_05-38-44,config_4,5,4,0.6,2,5,0.9,100,1,10,0.2,50,20,0,20,20,20,37.35402933294379,99
run_2025-08-23_07-20-51,config_1,1,1,0.9,2,5,0.9,100,1,10,0.2,50,29,1,29,29,29,37.35402933294375,99
run_2025-08-23_07-20-51,config_1,2,1,0.9,2,5,0.9,100,1,10,0.2,50,25,20,20,20,25,50.19952857273991,99
run_2025-08-23_07-20-51,config_1,3,1,0.9,2,5,0.9,100,1,10,0.2,50,18,11,18,18,18,37.38888331705508,99
run_2025-08-23_07-20-51,config_1,4,1,0.9,2,5,0.9,100,1,10,0.2,50,4,11,4,4,6,37.35402933294379,99
run_2025-08-23_07-20-51,config_1,5,1,0.9,2,5,0.9,100,1,10,0.2,50,2,15,2,2,2,37.35402933294375,99
run_2025-08-23_07-20-51,config_2,1,2,0.8,2,5,0.9,100,1,10,0.2,50,21,27,21,21,28,38.75282632407595,99
run_2025-08-23_07-20-51,config_2,2,2,0.8,2,5,0.9,100,1,10,0.2,50,12,23,12,12,12,37.35402933294375,99
run_2025-08-23_07-20-51,config_2,3,2,0.8,2,5,0.9,100,1,10,0.2,50,9,15,9,9,11,37.35402933294375,99
run_2025-08-23_07-20-51,config_2,4,2,0.8,2,5,0.9,100,1,10,0.2,50,29,15,29,29,29,37.35402933294375,99
run_2025-08-23_07-20-51,config_2,5,2,0.8,2,5,0.9,100,1,10,0.2,50,29,21,29,29,29,37.35402933294375,99
run_2025-08-23_07-20-51,config_3,1,3,0.7,2,5,0.9,100,1,10,0.2,50,3,11,3,3,3,37.35402933294375,99
run_2025-08-23_07-20-51,config_3,2,3,0.7,2,5,0.9,100,1,10,0.2,50,30,31,22,22,30,50.86900424344032,99
run_2025-08-23_07-20-51,config_3,3,3,0.7,2,5,0.9,100,1,10,0.2,50,29,1,29,29,31,37.35402933294379,99
run_2025-08-23_07-20-51,config_3,4,3,0.7,2,5,0.9,100,1,10,0.2,50,13,1,13,13,15,37.38888331705508,99
run_2025-08-23_07-20-51,config_3,5,3,0.7,2,5,0.9,100,1,10,0.2,50,7,2,7,7,9,37.45559271642127,99
run_2025-08-23_07-20-51,config_4,1,4,0.6,2,5,0.9,100,1,10,0.2,50,15,23,15,15,15,37.35402933294375,99
run_2025-08-23_07-20-51,config_4,2,4,0.6,2,5,0.9,100,1,10,0.2,50,17,23,17,17,17,37.35402933294375,99
run_2025-08-23_07-20-51,config_4,3,4,0.6,2,5,0.9,100,1,10,0.2,50,0,6,0,0,2,37.35402933294379,99
run_2025-08-23_07-20-51,config_4,4,4,0.6,2,5,0.9,100,1,10,0.2,50,25,7,25,25,25,37.35402933294379,99
run_2025-08-23_07-20-51,config_4,5,4,0.6,2,5,0.9,100,1,10,0.2,50,29,8,29,29,29,37.35402933294375,99
run_2025-08-23_09-02-29,config_1,1,1,0.9,2,5,0.9,100,1,10,0.2,50,13,20,13,13,15,37.35402933294375,99
run_2025-08-23_09-02-29,config_1,2,1,0.9,2,5,0.9,100,1,10,0.2,50,29,15,29,29,31,37.35402933294379,99
run_2025-08-23_09-02-29,config_1,3,1,0.9,2,5,0.9,100,1,10,0.2,50,24,19,24,24,20,38.51890388554344,99
run_2025-08-23_09-02-29,config_1,4,1,0.9,2,5,0.9,100,1,10,0.2,50,25,25,16,16,27,50.86900424344032,99
run_2025-08-23_09-02-29,config_1,5,1,0.9,2,5,0.9,100,1,10,0.2,50,9,15,9,9,9,37.35402933294375,99
run_2025-08-23_09-02-29,config_2,1,2,0.8,2,5,0.9,100,1,10,0.2,50,21,16,21,16,21,49.35200934137261,99
run_2025-08-23_09-02-29,config_2,2,2,0.8,2,5,0.9,100,1,10,0.2,50,3,9,3,3,5,37.35402933294379,99
run_2025-08-23_09-02-29,config_2,3,2,0.8,2,5,0.9,100,1,10,0.2,50,7,18,7,7,9,37.35402933294379,99
run_2025-08-23_09-02-29,config_2,4,2,0.8,2,5,0.9,100,1,10,0.2,50,21,0,21,21,23,37.35402933294375,99
run_2025-08-23_09-02-29,config_2,5,2,0.8,2,5,0.9,100,1,10,0.2,50,11,21,11,11,11,37.35402933294375,99
run_2025-08-23_09-02-29,config_3,1,3,0.7,2,5,0.9,100,1,10,0.2,50,20,11,20,20,22,37.35402933294375,99
run_2025-08-23_09-02-29,config_3,2,3,0.7,2,5,0.9,100,1,10,0.2,50,27,5,27,27,29,37.35402933294379,99
run_2025-08-23_09-02-29,config_3,3,3,0.7,2,5,0.9,100,1,10,0.2,50,29,20,29,29,29,37.35402933294375,99
run_2025-08-23_09-02-29,config_3,4,3,0.7,2,5,0.9,100,1,10,0.2,50,2,2,17,17,4,50.86900424344032,99
run_2025-08-23_09-02-29,config_3,5,3,0.7,2,5,0.9,100,1,10,0.2,50,26,27,12,12,26,50.86900424344032,99
run_2025-08-23_09-02-29,config_4,1,4,0.6,2,5,0.9,100,1,10,0.2,50,23,6,23,23,25,37.35402933294375,99
run_2025-08-23_09-02-29,config_4,2,4,0.6,2,5,0.9,100,1,10,0.2,50,22,3,22,22,24,37.35402933294375,99
run_2025-08-23_09-02-29,config_4,3,4,0.6,2,5,0.9,100,1,10,0.2,50,26,26,17,17,27,50.86900424344039,99
run_2025-08-23_09-02-29,config_4,4,4,0.6,2,5,0.9,100,1,10,0.2,50,14,21,14,14,14,37.35402933294375,99
run_2025-08-23_09-02-29,config_4,5,4,0.6,2,5,0.9,100,1,10,0.2,50,16,23,16,16,18,37.35402933294375,99
run_2025-08-23_10-44-13,config_1,1,1,0.9,2,5,0.9,100,1,10,0.2,50,8,20,8,8,8,37.35402933294375,99
run_2025-08-23_10-44-13,config_1,2,1,0.9,2,5,0.9,100,1,10,0.2,50,25,25,15,15,27,50.86900424344032,99
run_2025-08-23_10-44-13,config_1,3,1,0.9,2,5,0.9,100,1,10,0.2,50,11,17,11,11,11,37.35402933294375,99
run_2025-08-23_10-44-13,config_1,4,1,0.9,2,5,0.9,100,1,10,0.2,50,22,22,14,14,24,50.86900424344025,99
run_2025-08-23_10-44-13,config_1,5,1,0.9,2,5,0.9,100,1,10,0.2,50,14,22,14,14,16,37.35402933294375,99
run_2025-08-23_10-44-13,config_2,1,2,0.8,2,5,0.9,100,1,10,0.2,50,22,16,22,22,24,37.35402933294375,99
run_2025-08-23_10-44-13,config_2,2,2,0.8,2,5,0.9,100,1,10,0.2,50,30,23,30,30,30,37.35402933294375,99
run_2025-08-23_10-44-13,config_2,3,2,0.8,2,5,0.9,100,1,10,0.2,50,2,16,2,2,2,37.35402933294375,99
run_2025-08-23_11-29-23,config_1,1,1,0.1,2,5,0.9,20,1,10,0.2,50,21,22,2,2,21,50.86900424344032,19
run_2025-08-23_11-29-23,config_1,2,1,0.1,2,5,0.9,20,1,10,0.2,50,24,5,24,24,26,37.35402933294379,19
run_2025-08-23_11-29-23,config_1,3,1,0.1,2,5,0.9,20,1,10,0.2,50,19,6,5,5,19,52.85743859071761,19
run_2025-08-23_11-29-23,config_1,4,1,0.1,2,5,0.9,20,1,10,0.2,50,22,10,22,15,11,60.74206744247158,19
run_2025-08-23_11-29-23,config_1,5,1,0.1,2,5,0.9,20,1,10,0.2,50,21,13,13,21,13,53.98872875105265,19
run_2025-08-23_11-29-23,config_1,6,1,0.1,2,5,0.9,20,1,10,0.2,50,25,24,23,23,25,57.85630508985432,19
run_2025-08-23_11-29-23,config_1,7,1,0.1,2,5,0.9,20,1,10,0.2,50,23,24,24,23,26,61.20826915871443,19
run_2025-08-23_11-37-12,config_1,1,1,0.1,2,5,0.9,20,1,10,0.2,50,7,14,7,7,14,38.5347021941225,19
run_2025-08-23_11-37-12,config_1,2,1,0.1,2,5,0.9,20,1,10,0.2,50,22,4,3,3,24,52.65939263578401,19
run_2025-08-23_11-37-12,config_1,3,1,0.1,2,5,0.9,20,1,10,0.2,50,1,8,1,1,21,50.21944627396046,19
run_2025-08-23_11-37-12,config_1,4,1,0.1,2,5,0.9,20,1,10,0.2,50,24,6,24,18,18,66.35722546393214,19
run_2025-08-23_11-37-12,config_1,5,1,0.1,2,5,0.9,20,1,10,0.2,50,13,19,11,11,13,52.32343788272181,19
run_2025-08-23_11-37-12,config_1,6,1,0.1,2,5,0.9,20,1,10,0.2,50,27,21,27,27,22,38.51890388554344,19
run_2025-08-23_11-37-12,config_1,7,1,0.1,2,5,0.9,20,1,10,0.2,50,10,24,19,19,25,53.21513964411609,19
run_2025-08-23_11-45-49,config_1,1,1,0.1,2,5,0.9,20,1,10,0.2,50,23,15,23,23,23,37.35402933294379,19
run_2025-08-23_11-45-49,config_1,2,1,0.1,2,5,0.9,20,1,10,0.2,50,1,15,1,1,1,37.35402933294375,19
run_2025-08-23_11-45-49,config_1,3,1,0.1,2,5,0.9,20,1,10,0.2,50,16,23,28,16,30,58.01474553230288,19
run_2025-08-23_11-45-49,config_1,4,1,0.1,2,5,0.9,20,1,10,0.2,50,24,5,5,24,5,54.00310009485878,19
run_2025-08-23_11-45-49,config_1,5,1,0.1,2,5,0.9,20,1,10,0.2,50,10,10,18,18,10,50.86900424344039,19
run_2025-08-23_11-45-49,config_1,6,1,0.1,2,5,0.9,20,1,10,0.2,50,22,1,22,22,24,37.35402933294375,19
run_2025-08-23_11-45-49,config_1,7,1,0.1,2,5,0.9,20,1,10,0.2,50,3,14,17,17,19,52.96385324617481,19
run_2025-08-23_11-54-33,config_1,1,1,0.1,2,5,0.9,20,1,10,0.2,50,29,2,1,1,1,52.33167472531788,19
run_2025-08-23_11-54-33,config_1,2,1,0.1,2,5,0.9,20,1,10,0.2,50,14,22,0,14,23,54.78609311515268,19
run_2025-08-23_11-54-33,config_1,3,1,0.1,2,5,0.9,20,1,10,0.2,50,31,15,18,18,20,52.76580729124121,19
run_2025-08-23_11-54-33,config_1,4,1,0.1,2,5,0.9,20,1,10,0.2,50,6,8,15,15,8,52.25788756049543,19
run_2025-08-23_11-54-33,config_1,5,1,0.1,2,5,0.9,20,1,10,0.2,50,7,15,7,7,7,37.35402933294375,19
run_2025-08-23_11-54-33,config_1,6,1,0.1,2,5,0.9,20,1,10,0.2,50,13,8,22,11,13,66.96510437081304,19
run_2025-08-23_11-54-33,config_1,7,1,0.1,2,5,0.9,20,1,10,0.2,50,27,27,6,27,6,54.66512160350405,19
run_2025-08-23_12-03-04,config_1,1,1,0.1,2,5,0.9,20,1,10,0.2,50,21,17,29,29,17,52.32506612835834,19
run_2025-08-23_12-03-04,config_1,2,1,0.1,2,5,0.9,20,1,10,0.2,50,15,15,24,24,15,51.16019157575862,19
run_2025-08-23_12-03-04,config_1,3,1,0.1,2,5,0.9,20,1,10,0.2,50,22,4,14,22,22,53.74700036815332,19
run_2025-08-23_12-03-04,config_1,4,1,0.1,2,5,0.9,20,1,10,0.2,50,12,20,12,12,14,37.35402933294375,19
run_2025-08-23_12-03-04,config_1,5,1,0.1,2,5,0.9,20,1,10,0.2,50,16,17,11,11,18,50.26908103706343,19
run_2025-08-23_12-03-04,config_1,6,1,0.1,2,5,0.9,20,1,10,0.2,50,0,1,21,0,1,51.90529650881619,19
run_2025-08-23_12-03-04,config_1,7,1,0.1,2,5,0.9,20,1,10,0.2,50,2,8,7,7,2,50.19952857273995,19
run_2025-08-23_12-11-26,config_1,1,1,0.1,2,5,0.9,20,1,10,0.2,50,28,16,28,22,16,60.87854993855402,19
run_2025-08-23_12-11-26,config_1,2,1,0.1,2,5,0.9,20,1,10,0.2,50,23,17,23,23,17,38.5189038855434,19
run_2025-08-23_12-11-26,config_1,3,1,0.1,2,5,0.9,20,1,10,0.2,50,2,27,9,9,27,53.62183056751637,19
run_2025-08-23_12-11-26,config_1,4,1,0.1,2,5,0.9,20,1,10,0.2,50,15,15,7,15,15,52.26718922960898,19
run_2025-08-23_12-11-26,config_1,5,1,0.1,2,5,0.9,20,1,10,0.2,50,25,16,25,25,25,37.35402933294379,19
run_2025-08-23_12-11-26,config_1,6,1,0.1,2,5,0.9,20,1,10,0.2,50,23,22,4,4,23,52.22303357638409,19
run_2025-08-23_12-11-26,config_1,7,1,0.1,2,5,0.9,20,1,10,0.2,50,27,5,27,5,29,59.52452060561028,19
run_2025-08-23_12-19-17,config_1,1,1,0.1,2,5,0.9,20,1,10,0.2,50,12,11,12,12,12,47.44036873897129,19
run_2025-08-23_12-19-17,config_1,2,1,0.1,2,5,0.9,20,1,10,0.2,50,21,6,21,21,17,50.25430025807175,19
run_2025-08-23_12-19-17,config_1,3,1,0.1,2,5,0.9,20,1,10,0.2,50,9,10,3,3,11,51.16019157575871,19
run_2025-08-23_12-19-17,config_1,4,1,0.1,2,5,0.9,20,1,10,0.2,50,12,23,6,6,12,53.02376539543631,19
run_2025-08-23_12-19-17,config_1,5,1,0.1,2,5,0.9,20,1,10,0.2,50,0,22,0,0,23,38.5189038855434,19
run_2025-08-23_12-19-17,config_1,6,1,0.1,2,5,0.9,20,1,10,0.2,50,30,0,23,23,25,54.35517972896194,19
run_2025-08-23_12-19-17,config_1,7,1,0.1,2,5,0.9,20,1,10,0.2,50,2,8,2,2,9,38.55375786965478,19
run_2025-08-25_10-29-00,config_1,1,1,0.1,2,5,0.9,20,1,10,0.2,50,8,24,14,14,25,53.62183056751637,19
run_2025-08-25_10-29-00,config_1,2,1,0.1,2,5,0.9,20,1,10,0.2,50,14,13,5,14,14,53.65607254666416,19
run_2025-08-25_10-29-00,config_1,3,1,0.1,2,5,0.9,20,1,10,0.2,50,6,7,15,6,6,51.79395642062747,19
run_2025-08-25_10-35-53,config_1,1,1,0.5,2,5,0.9,20,1,5,0.2,50,11,6,17,13,13,68.06931085527697,19
run_2025-08-25_10-35-53,config_1,2,1,0.5,2,5,0.9,20,1,5,0.2,50,5,27,20,20,27,53.62183056751635,19
run_2025-08-25_10-35-53,config_1,3,1,0.5,2,5,0.9,20,1,5,0.2,50,20,6,26,26,6,53.69489376988121,19
run_2025-08-25_10-35-53,config_1,4,1,0.5,2,5,0.9,20,1,5,0.2,50,17,13,11,13,13,65.6678442550385,19
run_2025-08-25_10-35-53,config_1,5,1,0.5,2,5,0.9,20,1,5,0.2,50,16,17,0,28,18,76.64612527193601,19
run_2025-08-25_10-35-53,config_2,1,2,0.5,2,5,0.8,20,1,5,0.2,50,29,10,29,20,31,59.71367538595443,19
run_2025-08-25_10-35-53,config_2,2,2,0.5,2,5,0.8,20,1,5,0.2,50,20,11,15,20,11,66.12049981921035,19
run_2025-08-25_10-35-53,config_2,3,2,0.5,2,5,0.8,20,1,5,0.2,50,16,1,10,16,16,54.10889308894615,19
run_2025-08-25_10-35-53,config_2,4,2,0.5,2,5,0.8,20,1,5,0.2,50,0,6,6,6,7,52.61823354917603,19
run_2025-08-25_10-35-53,config_2,5,2,0.5,2,5,0.8,20,1,5,0.2,50,11,31,11,20,31,60.85862818894755,19
run_2025-08-25_10-42-29,config_1,1,1,0.5,2,5,0.9,20,1,5,0.2,50,13,14,8,13,14,51.58123306070058,19
run_2025-08-25_10-42-29,config_1,2,1,0.5,2,5,0.9,20,1,5,0.2,50,25,2,25,25,25,37.35402933294379,19
run_2025-08-25_10-42-29,config_1,3,1,0.5,2,5,0.9,20,1,5,0.2,50,1,11,22,22,1,52.9233610890987,19
run_2025-08-25_10-42-29,config_1,4,1,0.5,2,5,0.9,20,1,5,0.2,50,4,9,3,3,10,51.62473861564388,19
run_2025-08-25_10-42-29,config_1,5,1,0.5,2,5,0.9,20,1,5,0.2,50,29,20,13,29,29,53.8483132662859,19
run_2025-08-25_10-42-29,config_2,1,2,0.5,2,5,0.8,20,1,5,0.2,50,26,3,17,26,3,54.59141343352625,19
run_2025-08-25_10-42-29,config_2,2,2,0.5,2,5,0.8,20,1,5,0.2,50,17,28,3,3,28,53.65552547448785,19
run_2025-08-25_10-42-29,config_2,3,2,0.5,2,5,0.8,20,1,5,0.2,50,1,10,1,23,10,60.70721345836029,19
run_2025-08-25_10-45-32,config_1,1,1,0.5,2,5,0.9,20,1,5,0.2,50,14,11,27,27,16,52.54907489281376,19
run_2025-08-25_10-45-32,config_1,2,1,0.5,2,5,0.9,20,1,5,0.2,50,27,2,16,16,3,53.5052698210404,19
run_2025-08-25_10-45-32,config_1,3,1,0.5,2,5,0.9,20,1,5,0.2,50,12,23,12,5,24,61.88321685297359,19
run_2025-08-25_10-45-32,config_1,4,1,0.5,2,5,0.9,20,1,5,0.2,50,18,24,18,1,25,61.98478023645107,19
run_2025-08-25_10-45-32,config_1,5,1,0.5,2,5,0.9,20,1,5,0.2,50,2,23,22,20,22,74.49979099684903,19
run_2025-08-25_10-45-32,config_2,1,2,0.5,2,5,0.8,20,1,5,0.2,50,2,2,7,2,3,51.2049689961018,19
run_2025-08-25_10-45-32,config_2,2,2,0.5,2,5,0.8,20,1,5,0.2,50,1,25,1,25,3,61.71657403989328,19
run_2025-08-25_10-45-32,config_2,3,2,0.5,2,5,0.8,20,1,5,0.2,50,30,13,30,30,30,37.35402933294375,19
run_2025-08-25_10-45-32,config_2,4,2,0.5,2,5,0.8,20,1,5,0.2,50,20,21,31,3,22,75.83729011460709,19
run_2025-08-25_10-45-32,config_2,5,2,0.5,2,5,0.8,20,1,5,0.2,50,29,23,2,29,13,66.50100684737578,19
run_2025-08-25_10-55-09,config_1,1,1,0.5,2,5,0.9,20,1,5,0.2,50,13,8,13,8,23,62.03029149361637,19
run_2025-08-25_10-55-09,config_1,2,1,0.5,2,5,0.9,20,1,5,0.2,50,0,21,24,24,26,53.23540479125701,19
run_2025-08-25_10-55-09,config_1,3,1,0.5,2,5,0.9,20,1,5,0.2,50,8,27,8,8,27,38.75282632407595,19
run_2025-08-25_10-55-09,config_1,4,1,0.5,2,5,0.9,20,1,5,0.2,50,27,7,29,29,29,52.32343788272181,19
run_2025-08-25_10-55-09,config_1,5,1,0.5,2,5,0.9,20,1,5,0.2,50,0,6,16,0,7,54.54156208641643,19
run_2025-08-25_10-55-09,config_2,1,2,0.5,2,5,0.8,20,1,5,0.2,50,6,30,22,22,13,65.19001390087831,19
run_2025-08-25_10-55-09,config_2,2,2,0.5,2,5,0.8,20,1,5,0.2,50,0,29,0,8,10,67.48337751143566,19
run_2025-08-25_10-55-09,config_2,3,2,0.5,2,5,0.8,20,1,5,0.2,50,9,3,9,9,11,37.45559271642123,19
run_2025-08-25_10-55-09,config_2,4,2,0.5,2,5,0.8,20,1,5,0.2,50,5,13,21,21,5,52.9233610890987,19
run_2025-08-25_10-55-09,config_2,5,2,0.5,2,5,0.8,20,1,5,0.2,50,0,26,26,31,0,76.14137479386967,19
run_2025-08-25_11-02-09,config_1,1,1,0.5,2,5,0.9,20,1,5,0.2,50,17,12,15,17,17,51.1237412789847,19
run_2025-08-25_11-02-09,config_1,2,1,0.5,2,5,0.9,20,1,5,0.2,50,20,5,10,10,20,52.95821507321003,19
run_2025-08-25_11-02-09,config_1,3,1,0.5,2,5,0.9,20,1,5,0.2,50,5,6,5,14,6,59.4085478460318,19
run_2025-08-25_11-02-09,config_1,4,1,0.5,2,5,0.9,20,1,5,0.2,50,25,10,25,10,25,59.52452060561028,19
run_2025-08-25_11-02-09,config_1,5,1,0.5,2,5,0.9,20,1,5,0.2,50,0,27,0,0,14,50.3210096574379,19
run_2025-08-25_11-02-09,config_2,1,2,0.5,2,5,0.8,20,1,5,0.2,50,28,21,13,28,21,54.52576377783733,19
run_2025-08-25_11-02-09,config_2,2,2,0.5,2,5,0.8,20,1,5,0.2,50,2,30,10,2,30,54.59141343352621,19
run_2025-08-25_11-02-09,config_2,3,2,0.5,2,5,0.8,20,1,5,0.2,50,26,18,26,26,27,49.35402933294385,19
run_2025-08-25_11-02-09,config_2,4,2,0.5,2,5,0.8,20,1,5,0.2,50,21,15,21,21,15,38.5347021941225,19
run_2025-08-25_11-02-09,config_2,5,2,0.5,2,5,0.8,20,1,5,0.2,50,4,9,4,3,10,61.52943925112034,19
run_2025-08-25_11-09-00,config_1,1,1,0.5,2,5,0.9,20,1,5,0.2,50,19,4,13,19,19,54.10889308894615,19
run_2025-08-25_11-09-00,config_1,2,1,0.5,2,5,0.9,20,1,5,0.2,50,20,18,14,14,14,51.57128449758621,19
run_2025-08-25_11-09-00,config_1,3,1,0.5,2,5,0.9,20,1,5,0.2,50,29,0,29,11,31,59.74852937006577,19
run_2025-08-25_11-09-00,config_1,4,1,0.5,2,5,0.9,20,1,5,0.2,50,30,22,30,30,23,38.51890388554344,19
run_2025-08-25_11-09-00,config_1,5,1,0.5,2,5,0.9,20,1,5,0.2,50,23,18,10,23,22,67.25328500124057,19
run_2025-08-25_11-09-00,config_2,1,2,0.5,2,5,0.8,20,1,5,0.2,50,25,31,16,30,25,66.47082608684525,19
run_2025-08-25_11-09-00,config_2,2,2,0.5,2,5,0.8,20,1,5,0.2,50,19,14,19,19,20,49.38888331705514,19
run_2025-08-25_11-09-00,config_2,3,2,0.5,2,5,0.8,20,1,5,0.2,50,10,18,23,23,10,52.9233610890987,19
run_2025-08-25_11-09-00,config_2,4,2,0.5,2,5,0.8,20,1,5,0.2,50,24,25,2,2,24,50.86900424344032,19
run_2025-08-25_11-09-00,config_2,5,2,0.5,2,5,0.8,20,1,5,0.2,50,10,25,30,10,26,56.40323383063933,19
run_2025-08-25_11-15-57,config_1,1,1,0.5,2,5,0.9,20,1,5,0.2,50,20,3,2,2,22,52.65939263578401,19
run_2025-08-25_11-15-57,config_1,2,1,0.5,2,5,0.9,20,1,5,0.2,50,15,17,29,29,17,52.51422090870241,19
run_2025-08-25_11-15-57,config_1,3,1,0.5,2,5,0.9,20,1,5,0.2,50,31,21,20,20,20,52.32727973261095,19
run_2025-08-25_11-15-57,config_1,4,1,0.5,2,5,0.9,20,1,5,0.2,50,17,29,17,29,17,60.39682846497484,19
run_2025-08-25_11-15-57,config_1,5,1,0.5,2,5,0.9,20,1,5,0.2,50,1,22,22,22,23,52.65939263578407,19
run_2025-08-25_11-15-57,config_2,1,2,0.5,2,5,0.8,20,1,5,0.2,50,27,28,2,2,29,50.86900424344039,19
run_2025-08-25_11-15-57,config_2,2,2,0.5,2,5,0.8,20,1,5,0.2,50,5,13,18,14,20,68.13211530446605,19
run_2025-08-25_11-15-57,config_2,3,2,0.5,2,5,0.8,20,1,5,0.2,50,15,1,29,15,1,56.33652443127318,19
run_2025-08-25_11-15-57,config_2,4,2,0.5,2,5,0.8,20,1,5,0.2,50,5,23,9,5,5,53.14798575357145,19
run_2025-08-25_11-15-57,config_2,5,2,0.5,2,5,0.8,20,1,5,0.2,50,9,22,9,9,16,50.21944627396041,19
run_2025-08-25_11-22-54,config_1,1,1,0.5,2,5,0.9,20,1,5,0.2,50,28,28,1,1,30,50.86900424344032,19
run_2025-08-25_11-22-54,config_1,2,1,0.5,2,5,0.9,20,1,5,0.2,50,7,7,15,3,9,76.26986120733696,19
run_2025-08-25_11-22-54,config_1,3,1,0.5,2,5,0.9,20,1,5,0.2,50,0,15,14,14,2,52.46860960980335,19
run_2025-08-25_11-22-54,config_1,4,1,0.5,2,5,0.9,20,1,5,0.2,50,15,1,5,6,1,76.54749786282919,19
run_2025-08-25_11-22-54,config_1,5,1,0.5,2,5,0.9,20,1,5,0.2,50,29,1,20,20,2,53.48947151246131,19
run_2025-08-25_11-22-54,config_2,1,2,0.5,2,5,0.8,20,1,5,0.2,50,4,21,4,0,0,58.21539595024683,19
run_2025-08-25_11-22-54,config_2,2,2,0.5,2,5,0.8,20,1,5,0.2,50,26,21,12,26,26,53.84831326628594,19
run_2025-08-25_11-22-54,config_2,3,2,0.5,2,5,0.8,20,1,5,0.2,50,25,24,25,24,25,55.29040839476545,19
run_2025-08-25_11-22-54,config_2,4,2,0.5,2,5,0.8,20,1,5,0.2,50,30,31,19,30,19,54.61464970018741,19
run_2025-08-25_11-22-54,config_2,5,2,0.5,2,5,0.8,20,1,5,0.2,50,31,2,31,31,13,50.25430025807179,19
run_2025-08-25_11-29-49,config_1,1,1,0.5,2,5,0.9,20,1,5,0.2,50,17,23,1,1,1,54.45558403529955,19
run_2025-08-25_11-29-49,config_1,2,1,0.5,2,5,0.9,20,1,5,0.2,50,28,1,28,28,28,37.35402933294375,19
run_2025-08-25_11-29-49,config_1,3,1,0.5,2,5,0.9,20,1,5,0.2,50,14,23,14,14,15,49.35402933294376,19
run_2025-08-25_11-29-49,config_1,4,1,0.5,2,5,0.9,20,1,5,0.2,50,30,31,7,7,9,53.03791448991957,19
run_2025-08-25_11-29-49,config_1,5,1,0.5,2,5,0.9,20,1,5,0.2,50,14,15,6,14,15,52.28156057341502,19
run_2025-08-25_11-29-49,config_2,1,2,0.5,2,5,0.8,20,1,5,0.2,50,5,28,5,15,28,60.85862818894759,19
run_2025-08-25_11-29-49,config_2,2,2,0.5,2,5,0.8,20,1,5,0.2,50,26,0,28,26,28,53.63558990635911,19
run_2025-08-25_11-29-49,config_2,3,2,0.5,2,5,0.8,20,1,5,0.2,50,2,7,15,2,8,53.08596936999517,19
run_2025-08-25_11-29-49,config_2,4,2,0.5,2,5,0.8,20,1,5,0.2,50,1,8,8,1,2,66.24351323907793,19
run_2025-08-25_11-29-49,config_2,5,2,0.5,2,5,0.8,20,1,5,0.2,50,1,17,18,18,18,52.9582150732101,19
run_2025-08-25_11-38-26,config_1,1,1,0.5,2,5,0.9,20,1,5,0.2,50,23,31,0,0,2,54.49350720634074,19
run_2025-08-25_11-38-26,config_1,2,1,0.5,2,5,0.9,20,1,5,0.2,50,3,3,9,3,4,51.90529650881621,19
run_2025-08-25_11-38-26,config_1,3,1,0.5,2,5,0.9,20,1,5,0.2,50,9,9,14,14,16,52.14680395122429,19
run_2025-08-25_11-38-26,config_1,4,1,0.5,2,5,0.9,20,1,5,0.2,50,29,18,17,17,17,52.27161201030091,19
run_2025-08-25_11-38-26,config_1,5,1,0.5,2,5,0.9,20,1,5,0.2,50,10,26,12,12,11,77.02492447257622,19
run_2025-08-25_11-38-26,config_2,1,2,0.5,2,5,0.8,20,1,5,0.2,50,28,9,30,30,28,64.32343788272175,19
run_2025-08-25_11-38-26,config_2,2,2,0.5,2,5,0.8,20,1,5,0.2,50,15,19,4,15,15,53.44131238598635,19
run_2025-08-25_11-38-26,config_2,3,2,0.5,2,5,0.8,20,1,5,0.2,50,1,16,1,1,3,37.35402933294379,19
run_2025-08-25_11-38-26,config_2,4,2,0.5,2,5,0.8,20,1,5,0.2,50,19,14,0,19,19,54.10889308894615,19
run_2025-08-25_11-38-26,config_2,5,2,0.5,2,5,0.8,20,1,5,0.2,50,14,24,6,6,14,53.1253287789138,19
run_2025-08-25_11-46-54,config_1,1,1,0.5,2,5,0.9,20,1,5,0.2,50,31,20,5,5,31,52.9233610890987,19
run_2025-08-25_11-46-54,config_1,2,1,0.5,2,5,0.9,20,1,5,0.2,50,14,4,26,26,16,53.24940240552836,19
run_2025-08-25_11-46-54,config_1,3,1,0.5,2,5,0.9,20,1,5,0.2,50,28,16,2,2,28,53.02376539543634,19
run_2025-08-25_11-46-54,config_1,4,1,0.5,2,5,0.9,20,1,5,0.2,50,29,31,25,29,25,52.39919200985083,19
run_2025-08-25_11-46-54,config_1,5,1,0.5,2,5,0.9,20,1,5,0.2,50,9,16,15,9,16,54.37936415945754,19
run_2025-08-25_11-46-54,config_2,1,2,0.5,2,5,0.8,20,1,5,0.2,50,10,20,4,10,4,56.63152725534878,19
run_2025-08-25_11-46-54,config_2,2,2,0.5,2,5,0.8,20,1,5,0.2,50,13,2,22,13,13,53.78585847440731,19
run_2025-08-25_11-46-54,config_2,3,2,0.5,2,5,0.8,20,1,5,0.2,50,26,16,26,26,17,38.55375786965478,19
run_2025-08-25_11-46-54,config_2,4,2,0.5,2,5,0.8,20,1,5,0.2,50,31,29,29,18,31,73.08661512257319,19
run_2025-08-25_11-46-54,config_2,5,2,0.5,2,5,0.8,20,1,5,0.2,50,29,4,29,22,5,60.98011332203151,19
