,pasta_run,configuracao,execucao,config_num,param_CROSSOVER,param_DELTA_MIN,param_IND_SIZE,param_MUTACAO,param_NUM_GENERATIONS,param_NUM_VAR_DIFERENTES,param_POP_SIZE,param_PORCENTAGEM,param_RCE_REPOPULATION_GENERATIONS,best_var_10,best_var_1,best_var_2,best_var_3,best_var_4,best_var_5,best_var_6,best_var_7,best_var_8,best_var_9,best_fitness,best_gen_idx,fitness_function
221,run_2025-08-31_16-04-07,config_2,5,2,0.9,2,5,0.8,20,1,10,0.2,50,,28,22,28,28,22,,,,,40.49047096288852,16,function_IEEE_14
360,run_2025-08-31_19-40-43,config_2,4,2,0.9,2,5,0.8,20,1,10,0.2,50,,26,2,26,26,3,,,,,40.49047096288852,9,function_IEEE_14
366,run_2025-08-31_19-40-43,config_3,3,3,0.9,2,5,0.1,20,1,10,0.2,50,,31,2,31,31,3,,,,,40.49047096288852,10,function_IEEE_14
329,run_2025-08-31_19-10-42,config_2,1,2,0.9,2,5,0.8,20,1,10,0.2,50,,0,31,0,0,9,,,,,40.49047096288854,16,function_IEEE_14
217,run_2025-08-31_16-04-07,config_2,1,2,0.9,2,5,0.8,20,1,10,0.2,50,,0,6,0,0,17,,,,,40.49047096288859,14,function_IEEE_14
219,run_2025-08-31_16-04-07,config_2,3,2,0.9,2,5,0.8,20,1,10,0.2,50,,0,6,0,0,12,,,,,40.49047096288859,5,function_IEEE_14
251,run_2025-08-31_16-34-49,config_2,7,2,0.9,2,5,0.8,20,1,10,0.2,50,,1,9,1,1,19,,,,,40.49047096288859,19,function_IEEE_14
303,run_2025-08-31_18-40-45,config_2,3,2,0.9,2,5,0.8,20,1,10,0.2,50,,26,5,26,26,13,,,,,40.49047096288859,19,function_IEEE_14
312,run_2025-08-31_18-40-45,config_3,5,3,0.9,2,5,0.1,20,1,10,0.2,50,,28,1,28,28,15,,,,,40.49047096288859,10,function_IEEE_14
386,run_2025-08-31_20-10-40,config_2,2,2,0.9,2,5,0.8,20,1,10,0.2,50,,31,1,31,31,17,,,,,40.49047096288859,9,function_IEEE_14
331,run_2025-08-31_19-10-42,config_2,3,2,0.9,2,5,0.8,20,1,10,0.2,50,,28,3,28,28,22,,,,,40.49047096288863,14,function_IEEE_14
277,run_2025-08-31_17-05-38,config_2,5,2,0.9,2,5,0.8,20,1,10,0.2,50,,1,23,1,1,8,,,,,40.49047096288864,16,function_IEEE_14
301,run_2025-08-31_18-40-45,config_2,1,2,0.9,2,5,0.8,20,1,10,0.2,50,,7,0,7,7,19,,,,,41.61301147209014,9,function_IEEE_14
359,run_2025-08-31_19-40-43,config_2,3,2,0.9,2,5,0.8,20,1,10,0.2,50,,12,26,12,12,19,,,,,41.61301147209014,16,function_IEEE_14
232,run_2025-08-31_16-04-07,config_4,2,4,0.9,2,5,0.05,20,1,10,0.2,50,,6,13,6,6,21,,,,,41.61301147209024,11,function_IEEE_14
305,run_2025-08-31_18-40-45,config_2,5,2,0.9,2,5,0.8,20,1,10,0.2,50,,1,11,1,1,22,,,,,41.61301147209024,16,function_IEEE_14
361,run_2025-08-31_19-40-43,config_2,5,2,0.9,2,5,0.8,20,1,10,0.2,50,,13,19,13,13,4,,,,,42.06144653696511,18,function_IEEE_14
198,run_2025-08-31_15-58-02,config_2,7,2,0.9,2,5,0.8,20,1,10,0.2,50,,6,16,6,6,0,,,,,42.41186250080916,16,function_IEEE_14
311,run_2025-08-31_18-40-45,config_3,4,3,0.9,2,5,0.1,20,1,10,0.2,50,,20,28,20,20,7,,,,,49.13545004407976,13,function_IEEE_14
306,run_2025-08-31_18-40-45,config_2,6,2,0.9,2,5,0.8,20,1,10,0.2,50,,4,20,4,4,21,,,,,49.13545004407983,18,function_IEEE_14
358,run_2025-08-31_19-40-43,config_2,2,2,0.9,2,5,0.8,20,1,10,0.2,50,,19,0,19,19,1,,,,,49.48402432438627,11,function_IEEE_14
223,run_2025-08-31_16-04-07,config_2,7,2,0.9,2,5,0.8,20,1,10,0.2,50,,11,26,11,11,7,,,,,49.58388510895465,18,function_IEEE_14
372,run_2025-08-31_19-40-43,config_4,2,4,0.9,2,5,0.05,20,1,10,0.2,50,,16,25,16,16,5,,,,,49.58388510895465,11,function_IEEE_14
246,run_2025-08-31_16-34-49,config_2,2,2,0.9,2,5,0.8,20,1,10,0.2,50,,21,2,21,21,2,,,,,49.59999708396484,19,function_IEEE_14
337,run_2025-08-31_19-10-42,config_3,2,3,0.9,2,5,0.1,20,1,10,0.2,50,,27,17,20,27,22,,,,,50.44133730757463,1,function_IEEE_14
220,run_2025-08-31_16-04-07,config_2,4,2,0.9,2,5,0.8,20,1,10,0.2,50,,22,7,22,1,8,,,,,50.57577825945859,15,function_IEEE_14
222,run_2025-08-31_16-04-07,config_2,6,2,0.9,2,5,0.8,20,1,10,0.2,50,,20,2,20,28,9,,,,,50.57577825945862,15,function_IEEE_14
278,run_2025-08-31_17-05-38,config_2,6,2,0.9,2,5,0.8,20,1,10,0.2,50,,9,0,9,27,23,,,,,50.57577825945863,14,function_IEEE_14
218,run_2025-08-31_16-04-07,config_2,2,2,0.9,2,5,0.8,20,1,10,0.2,50,,23,8,23,0,17,,,,,50.57577825945867,16,function_IEEE_14
256,run_2025-08-31_16-34-49,config_3,5,3,0.9,2,5,0.1,20,1,10,0.2,50,,20,8,20,31,16,,,,,50.57577825945867,12,function_IEEE_14
275,run_2025-08-31_17-05-38,config_2,3,2,0.9,2,5,0.8,20,1,10,0.2,50,,14,2,14,27,23,,,,,50.57577825945867,11,function_IEEE_14
196,run_2025-08-31_15-58-02,config_2,5,2,0.9,2,5,0.8,20,1,10,0.2,50,,11,25,11,30,20,,,,,50.5757782594587,3,function_IEEE_14
195,run_2025-08-31_15-58-02,config_2,4,2,0.9,2,5,0.8,20,1,10,0.2,50,,22,12,22,31,18,,,,,50.57577825945873,9,function_IEEE_14
332,run_2025-08-31_19-10-42,config_2,4,2,0.9,2,5,0.8,20,1,10,0.2,50,,19,14,19,27,21,,,,,50.57577825945874,15,function_IEEE_14
333,run_2025-08-31_19-10-42,config_2,5,2,0.9,2,5,0.8,20,1,10,0.2,50,,21,15,21,27,23,,,,,50.57577825945879,12,function_IEEE_14
248,run_2025-08-31_16-34-49,config_2,4,2,0.9,2,5,0.8,20,1,10,0.2,50,,26,0,8,26,20,,,,,50.63540522778678,14,function_IEEE_14
250,run_2025-08-31_16-34-49,config_2,6,2,0.9,2,5,0.8,20,1,10,0.2,50,,25,18,18,25,18,,,,,50.63540522778679,14,function_IEEE_14
347,run_2025-08-31_19-10-42,config_4,5,4,0.9,2,5,0.05,20,1,10,0.2,50,,27,13,19,27,19,,,,,50.63540522778689,19,function_IEEE_14
245,run_2025-08-31_16-34-49,config_2,1,2,0.9,2,5,0.8,20,1,10,0.2,50,,18,9,18,0,10,,,,,50.92435253976517,11,function_IEEE_14
364,run_2025-08-31_19-40-43,config_3,1,3,0.9,2,5,0.1,20,1,10,0.2,50,,6,6,6,31,6,,,,,50.9243525397653,4,function_IEEE_14
194,run_2025-08-31_15-58-02,config_2,3,2,0.9,2,5,0.8,20,1,10,0.2,50,,31,0,10,31,1,,,,,50.98397950809326,16,function_IEEE_14
335,run_2025-08-31_19-10-42,config_2,7,2,0.9,2,5,0.8,20,1,10,0.2,50,,28,5,12,28,6,,,,,50.98397950809327,7,function_IEEE_14
348,run_2025-08-31_19-10-42,config_4,6,4,0.9,2,5,0.05,20,1,10,0.2,50,,25,10,15,25,10,,,,,50.98397950809331,19,function_IEEE_14
316,run_2025-08-31_18-40-45,config_4,2,4,0.9,2,5,0.05,20,1,10,0.2,50,,19,26,19,31,6,,,,,51.02421332433352,13,function_IEEE_14
321,run_2025-08-31_18-40-45,config_4,7,4,0.9,2,5,0.05,20,1,10,0.2,50,,20,10,20,28,3,,,,,51.02421332433359,2,function_IEEE_14
281,run_2025-08-31_17-05-38,config_3,2,3,0.9,2,5,0.1,20,1,10,0.2,50,,24,31,10,24,1,,,,,51.08384029266166,12,function_IEEE_14
336,run_2025-08-31_19-10-42,config_3,1,3,0.9,2,5,0.1,20,1,10,0.2,50,,31,26,19,31,0,,,,,51.08384029266166,15,function_IEEE_14
254,run_2025-08-31_16-34-49,config_3,3,3,0.9,2,5,0.1,20,1,10,0.2,50,,26,3,15,26,11,,,,,51.08384029266171,10,function_IEEE_14
262,run_2025-08-31_16-34-49,config_4,4,4,0.9,2,5,0.05,20,1,10,0.2,50,,25,7,17,25,13,,,,,51.08384029266171,1,function_IEEE_14
341,run_2025-08-31_19-10-42,config_3,6,3,0.9,2,5,0.1,20,1,10,0.2,50,,27,10,17,27,0,,,,,51.08384029266171,11,function_IEEE_14
255,run_2025-08-31_16-34-49,config_3,4,3,0.9,2,5,0.1,20,1,10,0.2,50,,26,19,18,26,13,,,,,51.08384029266173,12,function_IEEE_14
367,run_2025-08-31_19-40-43,config_3,4,3,0.9,2,5,0.1,20,1,10,0.2,50,,28,23,14,28,1,,,,,51.08384029266175,0,function_IEEE_14
308,run_2025-08-31_18-40-45,config_3,1,3,0.9,2,5,0.1,20,1,10,0.2,50,,9,21,9,31,0,,,,,51.3746292881778,19,function_IEEE_14
375,run_2025-08-31_19-40-43,config_4,5,4,0.9,2,5,0.05,20,1,10,0.2,50,,12,16,12,26,12,,,,,51.41723473258799,3,function_IEEE_14
247,run_2025-08-31_16-34-49,config_2,3,2,0.9,2,5,0.8,20,1,10,0.2,50,,9,10,9,30,18,,,,,51.65197017531489,12,function_IEEE_14
357,run_2025-08-31_19-40-43,config_2,1,2,0.9,2,5,0.8,20,1,10,0.2,50,,20,30,20,1,12,,,,,51.65845840858612,19,function_IEEE_14
199,run_2025-08-31_15-58-02,config_3,1,3,0.9,2,5,0.1,20,1,10,0.2,50,,24,9,9,24,9,,,,,51.75036884886001,10,function_IEEE_14
252,run_2025-08-31_16-34-49,config_3,1,3,0.9,2,5,0.1,20,1,10,0.2,50,,31,13,7,31,23,,,,,51.88612711830656,9,function_IEEE_14
224,run_2025-08-31_16-04-07,config_3,1,3,0.9,2,5,0.1,20,1,10,0.2,50,,5,25,13,5,21,,,,,51.91881934876969,2,function_IEEE_14
330,run_2025-08-31_19-10-42,config_2,2,2,0.9,2,5,0.8,20,1,10,0.2,50,,1,30,20,1,13,,,,,51.91881934876969,19,function_IEEE_14
370,run_2025-08-31_19-40-43,config_3,7,3,0.9,2,5,0.1,20,1,10,0.2,50,,3,10,18,3,20,,,,,51.9188193487698,4,function_IEEE_14
279,run_2025-08-31_17-05-38,config_2,7,2,0.9,2,5,0.8,20,1,10,0.2,50,,19,25,19,7,15,,,,,52.10689347346101,11,function_IEEE_14
317,run_2025-08-31_18-40-45,config_4,3,4,0.9,2,5,0.05,20,1,10,0.2,50,,17,25,17,0,10,,,,,52.10689347346101,11,function_IEEE_14
302,run_2025-08-31_18-40-45,config_2,2,2,0.9,2,5,0.8,20,1,10,0.2,50,,14,31,14,5,31,,,,,52.12300544847117,10,function_IEEE_14
259,run_2025-08-31_16-34-49,config_4,1,4,0.9,2,5,0.05,20,1,10,0.2,50,,1,30,18,1,14,,,,,52.36725441364458,11,function_IEEE_14
202,run_2025-08-31_15-58-02,config_3,4,3,0.9,2,5,0.1,20,1,10,0.2,50,,24,0,24,30,8,,,,,52.40268210446767,-1,function_IEEE_14
230,run_2025-08-31_16-04-07,config_3,7,3,0.9,2,5,0.1,20,1,10,0.2,50,,1,21,20,1,17,,,,,52.42507894127207,11,function_IEEE_14
371,run_2025-08-31_19-40-43,config_4,1,4,0.9,2,5,0.05,20,1,10,0.2,50,,6,12,6,24,0,,,,,52.45082120403397,0,function_IEEE_14
193,run_2025-08-31_15-58-02,config_2,2,2,0.9,2,5,0.8,20,1,10,0.2,50,,16,29,16,6,24,,,,,52.4573094373051,13,function_IEEE_14
287,run_2025-08-31_17-05-38,config_4,1,4,0.9,2,5,0.05,20,1,10,0.2,50,,12,1,12,6,28,,,,,52.45730943730521,19,function_IEEE_14
373,run_2025-08-31_19-40-43,config_4,3,4,0.9,2,5,0.05,20,1,10,0.2,50,,18,30,18,0,24,,,,,52.45730943730521,12,function_IEEE_14
344,run_2025-08-31_19-10-42,config_4,2,4,0.9,2,5,0.05,20,1,10,0.2,50,,11,21,11,1,29,,,,,52.45730943730531,14,function_IEEE_14
273,run_2025-08-31_17-05-38,config_2,1,2,0.9,2,5,0.8,20,1,10,0.2,50,,21,7,1,1,8,,,,,52.5127004494998,12,function_IEEE_14
334,run_2025-08-31_19-10-42,config_2,6,2,0.9,2,5,0.8,20,1,10,0.2,50,,22,0,28,28,5,,,,,52.51270044949982,8,function_IEEE_14
274,run_2025-08-31_17-05-38,config_2,2,2,0.9,2,5,0.8,20,1,10,0.2,50,,8,24,1,1,14,,,,,52.51270044949985,18,function_IEEE_14
307,run_2025-08-31_18-40-45,config_2,7,2,0.9,2,5,0.8,20,1,10,0.2,50,,8,3,24,24,16,,,,,52.51270044949985,19,function_IEEE_14
253,run_2025-08-31_16-34-49,config_3,2,3,0.9,2,5,0.1,20,1,10,0.2,50,,23,7,0,0,17,,,,,52.51270044949986,12,function_IEEE_14
374,run_2025-08-31_19-40-43,config_4,4,4,0.9,2,5,0.05,20,1,10,0.2,50,,21,2,27,27,11,,,,,52.51270044949987,10,function_IEEE_14
385,run_2025-08-31_20-10-40,config_2,1,2,0.9,2,5,0.8,20,1,10,0.2,50,,15,9,26,26,22,,,,,52.51270044949987,13,function_IEEE_14
197,run_2025-08-31_15-58-02,config_2,6,2,0.9,2,5,0.8,20,1,10,0.2,50,,8,31,2,2,21,,,,,52.51270044949989,2,function_IEEE_14
376,run_2025-08-31_19-40-43,config_4,6,4,0.9,2,5,0.05,20,1,10,0.2,50,,0,0,25,25,14,,,,,52.51270044949996,12,function_IEEE_14
236,run_2025-08-31_16-04-07,config_4,6,4,0.9,2,5,0.05,20,1,10,0.2,50,,20,3,27,27,22,,,,,52.51270044950001,19,function_IEEE_14
209,run_2025-08-31_15-58-02,config_4,4,4,0.9,2,5,0.05,20,1,10,0.2,50,,15,31,25,25,17,,,,,52.51270044950005,17,function_IEEE_14
340,run_2025-08-31_19-10-42,config_3,5,3,0.9,2,5,0.1,20,1,10,0.2,50,,1,2,27,27,10,,,,,52.66540773051619,15,function_IEEE_14
226,run_2025-08-31_16-04-07,config_3,3,3,0.9,2,5,0.1,20,1,10,0.2,50,,1,7,25,25,17,,,,,52.6654077305162,1,function_IEEE_14
225,run_2025-08-31_16-04-07,config_3,2,3,0.9,2,5,0.1,20,1,10,0.2,50,,13,31,19,13,25,,,,,52.71767037748878,13,function_IEEE_14
315,run_2025-08-31_18-40-45,config_4,1,4,0.9,2,5,0.05,20,1,10,0.2,50,,17,0,28,28,1,,,,,52.86127472980633,12,function_IEEE_14
338,run_2025-08-31_19-10-42,config_3,3,3,0.9,2,5,0.1,20,1,10,0.2,50,,18,6,24,24,7,,,,,52.86127472980633,19,function_IEEE_14
314,run_2025-08-31_18-40-45,config_3,7,3,0.9,2,5,0.1,20,1,10,0.2,50,,24,25,24,30,6,,,,,52.89627227481672,10,function_IEEE_14
313,run_2025-08-31_18-40-45,config_3,6,3,0.9,2,5,0.1,20,1,10,0.2,50,,15,0,26,26,0,,,,,52.97724748938486,16,function_IEEE_14
200,run_2025-08-31_15-58-02,config_3,2,3,0.9,2,5,0.1,20,1,10,0.2,50,,10,12,10,3,12,,,,,53.08322460474876,15,function_IEEE_14
349,run_2025-08-31_19-10-42,config_4,7,4,0.9,2,5,0.05,20,1,10,0.2,50,,5,15,14,5,23,,,,,53.16954123928946,14,function_IEEE_14
289,run_2025-08-31_17-05-38,config_4,3,4,0.9,2,5,0.05,20,1,10,0.2,50,,13,8,13,28,30,,,,,53.20440398238348,13,function_IEEE_14
309,run_2025-08-31_18-40-45,config_3,2,3,0.9,2,5,0.1,20,1,10,0.2,50,,13,2,13,25,25,,,,,53.20440398238348,15,function_IEEE_14
369,run_2025-08-31_19-40-43,config_3,6,3,0.9,2,5,0.1,20,1,10,0.2,50,,16,4,16,25,25,,,,,53.20440398238348,11,function_IEEE_14
260,run_2025-08-31_16-34-49,config_4,2,4,0.9,2,5,0.05,20,1,10,0.2,50,,13,7,31,31,1,,,,,53.31155147821895,10,function_IEEE_14
205,run_2025-08-31_15-58-02,config_3,7,3,0.9,2,5,0.1,20,1,10,0.2,50,,9,23,30,30,4,,,,,53.31155147821902,18,function_IEEE_14
276,run_2025-08-31_17-05-38,config_2,4,2,0.9,2,5,0.8,20,1,10,0.2,50,,26,5,26,13,19,,,,,53.48536225359513,16,function_IEEE_14
207,run_2025-08-31_15-58-02,config_4,2,4,0.9,2,5,0.05,20,1,10,0.2,50,,23,30,12,12,18,,,,,53.6321883474438,11,function_IEEE_14
203,run_2025-08-31_15-58-02,config_3,5,3,0.9,2,5,0.1,20,1,10,0.2,50,,0,30,11,11,17,,,,,53.63218834744382,-1,function_IEEE_14
320,run_2025-08-31_18-40-45,config_4,6,4,0.9,2,5,0.05,20,1,10,0.2,50,,13,28,3,3,23,,,,,53.63218834744391,10,function_IEEE_14
285,run_2025-08-31_17-05-38,config_3,6,3,0.9,2,5,0.1,20,1,10,0.2,50,,10,17,1,1,17,,,,,53.632188347444,3,function_IEEE_14
237,run_2025-08-31_16-04-07,config_4,7,4,0.9,2,5,0.05,20,1,10,0.2,50,,15,16,5,5,22,,,,,53.63218834744401,10,function_IEEE_14
264,run_2025-08-31_16-34-49,config_4,6,4,0.9,2,5,0.05,20,1,10,0.2,50,,21,1,21,1,13,,,,,53.7321975345943,10,function_IEEE_14
339,run_2025-08-31_19-10-42,config_3,4,3,0.9,2,5,0.1,20,1,10,0.2,50,,3,4,11,11,19,,,,,53.78489562846027,14,function_IEEE_14
304,run_2025-08-31_18-40-45,config_2,4,2,0.9,2,5,0.8,20,1,10,0.2,50,,4,12,25,4,19,,,,,53.89148964378268,17,function_IEEE_14
228,run_2025-08-31_16-04-07,config_3,5,3,0.9,2,5,0.1,20,1,10,0.2,50,,4,22,29,4,11,,,,,53.89148964378273,10,function_IEEE_14
343,run_2025-08-31_19-10-42,config_4,1,4,0.9,2,5,0.05,20,1,10,0.2,50,,30,19,1,1,10,,,,,54.23333069333521,9,function_IEEE_14
310,run_2025-08-31_18-40-45,config_3,3,3,0.9,2,5,0.1,20,1,10,0.2,50,,12,28,3,3,24,,,,,54.43103937616299,19,function_IEEE_14
363,run_2025-08-31_19-40-43,config_2,7,2,0.9,2,5,0.8,20,1,10,0.2,50,,16,30,9,9,4,,,,,54.43103937616299,10,function_IEEE_14
345,run_2025-08-31_19-10-42,config_4,3,4,0.9,2,5,0.05,20,1,10,0.2,50,,5,6,20,5,14,,,,,54.87585225315051,11,function_IEEE_14
258,run_2025-08-31_16-34-49,config_3,7,3,0.9,2,5,0.1,20,1,10,0.2,50,,21,22,21,25,27,,,,,55.82944423995509,19,function_IEEE_14
265,run_2025-08-31_16-34-49,config_4,7,4,0.9,2,5,0.05,20,1,10,0.2,50,,11,27,17,11,13,,,,,56.25326824896688,0,function_IEEE_14
206,run_2025-08-31_15-58-02,config_4,1,4,0.9,2,5,0.05,20,1,10,0.2,50,,21,2,21,12,23,,,,,57.15825098945236,11,function_IEEE_14
192,run_2025-08-31_15-58-02,config_2,1,2,0.9,2,5,0.8,20,1,10,0.2,50,,20,27,13,20,3,,,,,58.68755728818169,18,function_IEEE_14
346,run_2025-08-31_19-10-42,config_4,4,4,0.9,2,5,0.05,20,1,10,0.2,50,,28,27,28,5,28,,,,,58.69898994519315,1,function_IEEE_14
204,run_2025-08-31_15-58-02,config_3,6,3,0.9,2,5,0.1,20,1,10,0.2,50,,11,0,20,11,31,,,,,59.03797325202582,-1,function_IEEE_14
319,run_2025-08-31_18-40-45,config_4,5,4,0.9,2,5,0.05,20,1,10,0.2,50,,25,20,25,11,5,,,,,59.43358989933601,9,function_IEEE_14
249,run_2025-08-31_16-34-49,config_2,5,2,0.9,2,5,0.8,20,1,10,0.2,50,,1,29,17,17,23,,,,,60.64886384813624,2,function_IEEE_14
288,run_2025-08-31_17-05-38,config_4,2,4,0.9,2,5,0.05,20,1,10,0.2,50,,26,12,18,18,13,,,,,61.15014540945909,19,function_IEEE_14
318,run_2025-08-31_18-40-45,config_4,4,4,0.9,2,5,0.05,20,1,10,0.2,50,,28,9,17,17,10,,,,,61.15014540945909,18,function_IEEE_14
282,run_2025-08-31_17-05-38,config_3,3,3,0.9,2,5,0.1,20,1,10,0.2,50,,0,13,18,18,8,,,,,61.25000619402747,17,function_IEEE_14
173,run_2025-08-29_22-31-32,config_2,3,2,0.9,2,10,0.8,20,1,10,0.2,50,13,0,13,28,0,8,21,28,7,8,61.25866289953512,7,function_IEEE_30
342,run_2025-08-31_19-10-42,config_3,7,3,0.9,2,5,0.1,20,1,10,0.2,50,,27,20,6,6,27,,,,,61.26611816903755,10,function_IEEE_14
368,run_2025-08-31_19-40-43,config_3,5,3,0.9,2,5,0.1,20,1,10,0.2,50,,12,22,0,12,0,,,,,61.54403134367764,15,function_IEEE_14
292,run_2025-08-31_17-05-38,config_4,6,4,0.9,2,5,0.05,20,1,10,0.2,50,,10,20,10,20,29,,,,,62.0387314712771,19,function_IEEE_14
229,run_2025-08-31_16-04-07,config_3,6,3,0.9,2,5,0.1,20,1,10,0.2,50,,16,3,3,16,3,,,,,62.07743894704315,19,function_IEEE_14
175,run_2025-08-29_22-31-32,config_2,5,2,0.9,2,10,0.8,20,1,10,0.2,50,29,24,24,30,17,30,25,30,24,25,62.69291211683719,15,function_IEEE_30
362,run_2025-08-31_19-40-43,config_2,6,2,0.9,2,5,0.8,20,1,10,0.2,50,,7,16,21,31,16,,,,,62.7618739320797,19,function_IEEE_14
377,run_2025-08-31_19-40-43,config_4,7,4,0.9,2,5,0.05,20,1,10,0.2,50,,13,13,20,27,22,,,,,62.76187393207971,3,function_IEEE_14
283,run_2025-08-31_17-05-38,config_3,4,3,0.9,2,5,0.1,20,1,10,0.2,50,,20,24,7,0,20,,,,,62.76187393207987,7,function_IEEE_14
233,run_2025-08-31_16-04-07,config_4,3,4,0.9,2,5,0.05,20,1,10,0.2,50,,20,8,13,28,20,,,,,62.91458121309608,13,function_IEEE_14
257,run_2025-08-31_16-34-49,config_3,6,3,0.9,2,5,0.1,20,1,10,0.2,50,,20,9,14,0,10,,,,,63.11044821238615,17,function_IEEE_14
290,run_2025-08-31_17-05-38,config_4,4,4,0.9,2,5,0.05,20,1,10,0.2,50,,27,27,19,2,9,,,,,63.21030899695464,9,function_IEEE_14
284,run_2025-08-31_17-05-38,config_3,5,3,0.9,2,5,0.1,20,1,10,0.2,50,,10,2,17,27,2,,,,,63.22642097196466,13,function_IEEE_14
291,run_2025-08-31_17-05-38,config_4,5,4,0.9,2,5,0.05,20,1,10,0.2,50,,4,24,13,30,6,,,,,63.26315549340264,11,function_IEEE_14
231,run_2025-08-31_16-04-07,config_4,1,4,0.9,2,5,0.05,20,1,10,0.2,50,,31,13,18,25,2,,,,,63.36301627797087,15,function_IEEE_14
208,run_2025-08-31_15-58-02,config_4,3,4,0.9,2,5,0.05,20,1,10,0.2,50,,28,10,18,28,17,,,,,63.7841678053763,10,function_IEEE_14
227,run_2025-08-31_16-04-07,config_3,4,3,0.9,2,5,0.1,20,1,10,0.2,50,,5,26,22,31,22,,,,,63.91660423326631,19,function_IEEE_14
201,run_2025-08-31_15-58-02,config_3,3,3,0.9,2,5,0.1,20,1,10,0.2,50,,14,22,7,29,22,,,,,64.01259582259942,1,function_IEEE_14
234,run_2025-08-31_16-04-07,config_4,4,4,0.9,2,5,0.05,20,1,10,0.2,50,,31,13,2,25,20,,,,,64.16530310361573,10,function_IEEE_14
293,run_2025-08-31_17-05-38,config_4,7,4,0.9,2,5,0.05,20,1,10,0.2,50,,0,22,7,31,15,,,,,64.16530310361573,10,function_IEEE_14
72,run_2025-08-29_09-31-38,config_4,3,4,0.9,2,10,0.5,20,1,10,0.2,50,19,10,25,24,24,26,25,10,30,26,64.36583496108256,16,function_IEEE_30
365,run_2025-08-31_19-40-43,config_3,2,3,0.9,2,5,0.1,20,1,10,0.2,50,,18,1,9,29,2,,,,,64.47714286248429,19,function_IEEE_14
261,run_2025-08-31_16-34-49,config_4,3,4,0.9,2,5,0.05,20,1,10,0.2,50,,27,27,11,0,17,,,,,65.09527597172693,10,function_IEEE_14
286,run_2025-08-31_17-05-38,config_3,7,3,0.9,2,5,0.1,20,1,10,0.2,50,,12,31,12,29,5,,,,,65.0979524503417,19,function_IEEE_14
235,run_2025-08-31_16-04-07,config_4,5,4,0.9,2,5,0.05,20,1,10,0.2,50,,19,27,19,2,20,,,,,65.4933345011864,19,function_IEEE_14
280,run_2025-08-31_17-05-38,config_3,1,3,0.9,2,5,0.1,20,1,10,0.2,50,,6,17,16,16,26,,,,,67.79923677340395,0,function_IEEE_14
263,run_2025-08-31_16-34-49,config_4,5,4,0.9,2,5,0.05,20,1,10,0.2,50,,21,4,1,1,17,,,,,68.30238192444251,19,function_IEEE_14
172,run_2025-08-29_22-31-32,config_2,2,2,0.9,2,10,0.8,20,1,10,0.2,50,31,31,31,3,3,20,18,3,31,11,70.18824480255118,18,function_IEEE_30
57,run_2025-08-29_09-31-38,config_2,2,2,0.9,2,10,0.5,20,1,10,0.2,50,12,23,29,28,23,29,0,11,29,29,70.29502002498131,19,function_IEEE_30
71,run_2025-08-29_09-31-38,config_4,2,4,0.9,2,10,0.5,20,1,10,0.2,50,25,24,25,13,2,31,8,2,25,20,70.72014930294843,17,function_IEEE_30
174,run_2025-08-29_22-31-32,config_2,4,2,0.9,2,10,0.8,20,1,10,0.2,50,30,0,0,10,29,17,22,29,30,17,70.78867289162237,15,function_IEEE_30
56,run_2025-08-29_09-31-38,config_2,1,2,0.9,2,10,0.5,20,1,10,0.2,50,18,31,18,31,24,30,13,24,8,30,71.03936704629072,15,function_IEEE_30
191,run_2025-08-29_22-31-32,config_4,7,4,0.9,2,10,0.2,20,1,10,0.2,50,1,13,1,30,21,31,30,13,31,7,71.82976225648677,11,function_IEEE_30
62,run_2025-08-29_09-31-38,config_2,7,2,0.9,2,10,0.5,20,1,10,0.2,50,22,27,10,31,31,27,1,10,10,27,72.34833197231806,13,function_IEEE_30
60,run_2025-08-29_09-31-38,config_2,5,2,0.9,2,10,0.5,20,1,10,0.2,50,16,15,10,10,26,26,10,26,6,26,76.10668818897702,18,function_IEEE_30
180,run_2025-08-29_22-31-32,config_3,3,3,0.9,2,10,0.1,20,1,10,0.2,50,13,12,13,14,21,14,13,28,0,13,79.59211533644131,13,function_IEEE_30
63,run_2025-08-29_09-31-38,config_3,1,3,0.9,2,10,0.5,20,1,10,0.2,50,26,7,26,7,20,8,8,26,31,15,79.6032091818544,2,function_IEEE_30
177,run_2025-08-29_22-31-32,config_2,7,2,0.9,2,10,0.8,20,1,10,0.2,50,13,25,20,11,25,13,13,25,26,18,79.83020313818875,16,function_IEEE_30
59,run_2025-08-29_09-31-38,config_2,4,2,0.9,2,10,0.5,20,1,10,0.2,50,9,26,17,17,27,18,9,26,2,18,80.10815500375237,8,function_IEEE_30
64,run_2025-08-29_09-31-38,config_3,2,3,0.9,2,10,0.5,20,1,10,0.2,50,9,10,7,3,3,12,9,14,26,16,80.6576796606395,12,function_IEEE_30
176,run_2025-08-29_22-31-32,config_2,6,2,0.9,2,10,0.8,20,1,10,0.2,50,0,18,26,18,31,5,26,18,13,25,81.09231610956533,18,function_IEEE_30
188,run_2025-08-29_22-31-32,config_4,4,4,0.9,2,10,0.2,20,1,10,0.2,50,2,13,26,25,31,24,28,13,2,24,82.66191658722859,11,function_IEEE_30
69,run_2025-08-29_09-31-38,config_3,7,3,0.9,2,10,0.5,20,1,10,0.2,50,21,13,20,14,28,21,2,19,2,21,82.94329206738793,16,function_IEEE_30
61,run_2025-08-29_09-31-38,config_2,6,2,0.9,2,10,0.5,20,1,10,0.2,50,30,29,28,7,1,7,28,19,30,7,83.95485074397826,13,function_IEEE_30
67,run_2025-08-29_09-31-38,config_3,5,3,0.9,2,10,0.5,20,1,10,0.2,50,22,1,21,1,28,22,22,12,29,3,85.92082288136916,7,function_IEEE_30
179,run_2025-08-29_22-31-32,config_3,2,3,0.9,2,10,0.1,20,1,10,0.2,50,10,12,9,4,4,25,19,12,9,14,86.68665621987898,12,function_IEEE_30
178,run_2025-08-29_22-31-32,config_3,1,3,0.9,2,10,0.1,20,1,10,0.2,50,31,17,25,7,19,31,31,31,25,23,89.74507382096436,19,function_IEEE_30
70,run_2025-08-29_09-31-38,config_4,1,4,0.9,2,10,0.5,20,1,10,0.2,50,14,8,28,20,8,29,28,7,1,7,89.95663958569145,15,function_IEEE_30
189,run_2025-08-29_22-31-32,config_4,5,4,0.9,2,10,0.2,20,1,10,0.2,50,10,15,14,10,27,16,22,27,3,15,89.97297315257818,15,function_IEEE_30
171,run_2025-08-29_22-31-32,config_2,1,2,0.9,2,10,0.8,20,1,10,0.2,50,29,22,1,15,7,17,1,23,29,2,90.29362360009029,17,function_IEEE_30
58,run_2025-08-29_09-31-38,config_2,3,2,0.9,2,10,0.5,20,1,10,0.2,50,8,25,8,31,8,21,25,2,30,27,90.61766048075884,12,function_IEEE_30
187,run_2025-08-29_22-31-32,config_4,3,4,0.9,2,10,0.2,20,1,10,0.2,50,25,0,24,0,8,26,20,28,29,20,90.96292666878124,15,function_IEEE_30
66,run_2025-08-29_09-31-38,config_3,4,3,0.9,2,10,0.5,20,1,10,0.2,50,30,11,30,11,17,6,9,4,9,6,91.2215597566585,14,function_IEEE_30
184,run_2025-08-29_22-31-32,config_3,7,3,0.9,2,10,0.1,20,1,10,0.2,50,14,13,13,0,4,14,27,18,27,2,91.97830253647436,14,function_IEEE_30
182,run_2025-08-29_22-31-32,config_3,5,3,0.9,2,10,0.1,20,1,10,0.2,50,3,13,3,29,10,20,8,10,29,4,93.733318621065,11,function_IEEE_30
65,run_2025-08-29_09-31-38,config_3,3,3,0.9,2,10,0.5,20,1,10,0.2,50,15,28,28,13,30,15,21,28,29,29,94.35191265863824,14,function_IEEE_30
181,run_2025-08-29_22-31-32,config_3,4,3,0.9,2,10,0.1,20,1,10,0.2,50,28,27,17,21,23,3,17,22,7,3,94.41712425643333,16,function_IEEE_30
190,run_2025-08-29_22-31-32,config_4,6,4,0.9,2,10,0.2,20,1,10,0.2,50,27,27,22,13,24,15,30,27,1,20,99.76855734105943,17,function_IEEE_30
183,run_2025-08-29_22-31-32,config_3,6,3,0.9,2,10,0.1,20,1,10,0.2,50,6,16,30,18,12,19,30,24,6,22,100.0688941114055,19,function_IEEE_30
185,run_2025-08-29_22-31-32,config_4,1,4,0.9,2,10,0.2,20,1,10,0.2,50,1,27,10,27,25,14,14,8,1,21,100.6285276379097,8,function_IEEE_30
186,run_2025-08-29_22-31-32,config_4,2,4,0.9,2,10,0.2,20,1,10,0.2,50,6,12,1,12,6,17,23,11,2,14,100.6585299615067,6,function_IEEE_30
68,run_2025-08-29_09-31-38,config_3,6,3,0.9,2,10,0.5,20,1,10,0.2,50,4,12,9,12,19,10,7,12,3,25,100.9821152014726,17,function_IEEE_30
