,pasta_run,configuracao,execucao,config_num,param_CROSSOVER,param_DELTA_MIN,param_IND_SIZE,param_MUTACAO,param_NUM_GENERATIONS,param_NUM_VAR_DIFERENTES,param_POP_SIZE,param_PORCENTAGEM,param_RCE_REPOPULATION_GENERATIONS,best_var_1,best_var_10,best_var_2,best_var_3,best_var_4,best_var_5,best_var_6,best_var_7,best_var_8,best_var_9,best_fitness,best_gen_idx,fitness_function
0,run_2025-08-29_01-11-02,config_1,1,1,0.9,2,10,0.9,20,1,10,0.2,50,9,17,25,11,11,17,1,15,25,11,69.9411587003436,18,function_IEEE_30
1,run_2025-08-29_01-11-02,config_1,2,1,0.9,2,10,0.9,20,1,10,0.2,50,2,9,24,18,29,16,24,29,9,20,70.44028319168333,17,function_IEEE_30
2,run_2025-08-29_01-11-02,config_1,3,1,0.9,2,10,0.9,20,1,10,0.2,50,3,4,9,13,14,10,9,4,14,9,69.88838027870801,17,function_IEEE_30
3,run_2025-08-29_01-11-02,config_1,4,1,0.9,2,10,0.9,20,1,10,0.2,50,1,7,14,1,19,12,14,28,28,12,80.09991729036848,18,function_IEEE_30
4,run_2025-08-29_01-11-02,config_1,5,1,0.9,2,10,0.9,20,1,10,0.2,50,29,11,24,17,29,19,23,29,11,25,79.73330625432395,15,function_IEEE_30
5,run_2025-08-29_01-11-02,config_1,6,1,0.9,2,10,0.9,20,1,10,0.2,50,27,14,2,12,12,10,2,15,10,15,83.64113262599737,17,function_IEEE_30
6,run_2025-08-29_01-11-02,config_1,7,1,0.9,2,10,0.9,20,1,10,0.2,50,12,9,9,7,12,14,21,12,7,22,74.55891978956514,17,function_IEEE_30
7,run_2025-08-29_01-35-11,config_1,1,1,0.9,2,10,0.9,20,1,10,0.2,50,8,19,11,11,8,8,19,11,29,12,72.87472010697184,14,function_IEEE_30
8,run_2025-08-29_01-35-11,config_1,2,1,0.9,2,10,0.9,20,1,10,0.2,50,29,5,1,7,7,1,23,1,1,10,80.8756117910568,16,function_IEEE_30
9,run_2025-08-29_01-35-11,config_1,3,1,0.9,2,10,0.9,20,1,10,0.2,50,24,4,4,10,24,4,11,2,11,18,72.66151212808893,15,function_IEEE_30
10,run_2025-08-29_01-35-11,config_1,4,1,0.9,2,10,0.9,20,1,10,0.2,50,5,12,11,5,5,20,11,29,29,13,79.56772804901573,11,function_IEEE_30
11,run_2025-08-29_01-35-11,config_1,5,1,0.9,2,10,0.9,20,1,10,0.2,50,29,5,11,5,10,11,29,10,5,5,71.23685913823019,19,function_IEEE_30
12,run_2025-08-29_01-35-11,config_1,6,1,0.9,2,10,0.9,20,1,10,0.2,50,23,2,2,7,13,25,2,7,30,30,70.02954178562373,19,function_IEEE_30
13,run_2025-08-29_01-35-11,config_1,7,1,0.9,2,10,0.9,20,1,10,0.2,50,9,0,10,18,9,11,0,24,0,11,60.71285467694437,16,function_IEEE_30
14,run_2025-08-29_01-57-19,config_1,1,1,0.9,2,10,0.9,20,1,10,0.2,50,26,27,27,26,21,6,27,28,27,10,79.17852733107715,16,function_IEEE_30
15,run_2025-08-29_01-57-19,config_1,2,1,0.9,2,10,0.9,20,1,10,0.2,50,30,0,30,30,30,11,21,30,30,22,60.35310418134321,18,function_IEEE_30
16,run_2025-08-29_01-57-19,config_1,3,1,0.9,2,10,0.9,20,1,10,0.2,50,19,13,20,19,1,19,13,1,2,23,71.38425443533653,17,function_IEEE_30
17,run_2025-08-29_01-57-19,config_1,4,1,0.9,2,10,0.9,20,1,10,0.2,50,18,15,15,13,5,20,24,18,24,15,70.50937698867091,17,function_IEEE_30
18,run_2025-08-29_01-57-19,config_1,5,1,0.9,2,10,0.9,20,1,10,0.2,50,4,2,8,20,1,4,7,12,2,8,91.12290480750639,19,function_IEEE_30
19,run_2025-08-29_01-57-19,config_1,6,1,0.9,2,10,0.9,20,1,10,0.2,50,9,10,0,21,28,19,10,9,10,23,76.74823935932713,14,function_IEEE_30
20,run_2025-08-29_01-57-19,config_1,7,1,0.9,2,10,0.9,20,1,10,0.2,50,3,12,5,5,19,5,3,3,12,3,79.43852682603794,19,function_IEEE_30
21,run_2025-08-29_02-19-11,config_1,1,1,0.9,2,10,0.9,20,1,10,0.2,50,12,13,7,7,12,7,19,19,7,28,71.95842575032354,5,function_IEEE_30
22,run_2025-08-29_02-19-11,config_1,2,1,0.9,2,10,0.9,20,1,10,0.2,50,31,1,1,1,31,18,1,26,26,1,69.97195716876267,12,function_IEEE_30
23,run_2025-08-29_02-19-11,config_1,3,1,0.9,2,10,0.9,20,1,10,0.2,50,20,3,31,20,24,20,31,8,3,20,60.60760785077801,12,function_IEEE_30
24,run_2025-08-29_02-19-11,config_1,4,1,0.9,2,10,0.9,20,1,10,0.2,50,5,11,26,19,19,10,14,5,26,10,70.38614837988442,17,function_IEEE_30
25,run_2025-08-29_02-19-11,config_1,5,1,0.9,2,10,0.9,20,1,10,0.2,50,1,10,9,9,1,16,9,10,2,12,79.75716111099894,19,function_IEEE_30
26,run_2025-08-29_02-19-11,config_1,6,1,0.9,2,10,0.9,20,1,10,0.2,50,0,30,30,0,0,24,1,29,0,14,78.75647691026845,16,function_IEEE_30
27,run_2025-08-29_02-19-11,config_1,7,1,0.9,2,10,0.9,20,1,10,0.2,50,1,30,30,13,13,2,2,1,2,7,63.32957635020941,16,function_IEEE_30
28,run_2025-08-29_02-41-00,config_1,1,1,0.9,2,10,0.9,20,1,10,0.2,50,31,21,15,31,31,3,15,31,24,3,62.03940216509471,19,function_IEEE_30
29,run_2025-08-29_02-41-00,config_1,2,1,0.9,2,10,0.9,20,1,10,0.2,50,7,28,2,7,22,13,2,28,2,22,71.56128516447409,6,function_IEEE_30
30,run_2025-08-29_02-41-00,config_1,3,1,0.9,2,10,0.9,20,1,10,0.2,50,3,7,21,5,11,3,21,3,5,7,81.60143934007365,16,function_IEEE_30
31,run_2025-08-29_02-41-00,config_1,4,1,0.9,2,10,0.9,20,1,10,0.2,50,6,26,11,25,6,22,26,6,6,12,62.69663633888545,18,function_IEEE_30
32,run_2025-08-29_02-41-00,config_1,5,1,0.9,2,10,0.9,20,1,10,0.2,50,31,20,10,25,25,16,16,31,31,21,73.17415864238353,14,function_IEEE_30
33,run_2025-08-29_02-41-00,config_1,6,1,0.9,2,10,0.9,20,1,10,0.2,50,2,9,29,2,2,4,29,2,29,14,51.36860285855139,19,function_IEEE_30
34,run_2025-08-29_02-41-00,config_1,7,1,0.9,2,10,0.9,20,1,10,0.2,50,3,18,18,23,3,11,10,10,11,3,74.71387324321469,19,function_IEEE_30
35,run_2025-08-29_03-02-35,config_1,1,1,0.9,2,10,0.9,20,1,10,0.2,50,20,0,0,18,31,20,0,18,8,20,60.12465299051002,16,function_IEEE_30
36,run_2025-08-29_03-02-35,config_1,2,1,0.9,2,10,0.9,20,1,10,0.2,50,1,29,2,17,6,17,24,6,1,24,90.22154010305432,18,function_IEEE_30
37,run_2025-08-29_03-02-35,config_1,3,1,0.9,2,10,0.9,20,1,10,0.2,50,14,9,9,8,29,8,14,14,2,22,81.03923045560538,16,function_IEEE_30
38,run_2025-08-29_03-02-35,config_1,4,1,0.9,2,10,0.9,20,1,10,0.2,50,13,23,23,13,7,12,29,10,29,12,71.48759872863228,17,function_IEEE_30
39,run_2025-08-29_03-02-35,config_1,5,1,0.9,2,10,0.9,20,1,10,0.2,50,24,11,16,15,24,11,1,16,11,6,70.46373966882555,17,function_IEEE_30
40,run_2025-08-29_03-02-35,config_1,6,1,0.9,2,10,0.9,20,1,10,0.2,50,18,0,9,12,12,14,0,12,0,14,51.25417116186403,19,function_IEEE_30
41,run_2025-08-29_03-02-35,config_1,7,1,0.9,2,10,0.9,20,1,10,0.2,50,16,1,17,16,22,18,1,1,11,18,69.49805135065665,18,function_IEEE_30
42,run_2025-08-29_03-24-05,config_1,1,1,0.9,2,10,0.9,20,1,10,0.2,50,20,26,26,20,1,14,1,1,26,20,60.39690286379585,19,function_IEEE_30
43,run_2025-08-29_03-24-05,config_1,2,1,0.9,2,10,0.9,20,1,10,0.2,50,29,0,30,29,24,30,16,29,24,16,70.33344619037086,15,function_IEEE_30
44,run_2025-08-29_03-24-05,config_1,3,1,0.9,2,10,0.9,20,1,10,0.2,50,27,24,29,27,14,29,0,14,29,29,60.65079914243123,14,function_IEEE_30
45,run_2025-08-29_03-24-05,config_1,4,1,0.9,2,10,0.9,20,1,10,0.2,50,27,3,27,27,27,14,3,6,8,20,79.77175775525258,14,function_IEEE_30
46,run_2025-08-29_03-24-05,config_1,5,1,0.9,2,10,0.9,20,1,10,0.2,50,3,5,7,12,12,3,31,4,5,31,93.21828656950322,17,function_IEEE_30
47,run_2025-08-29_03-24-05,config_1,6,1,0.9,2,10,0.9,20,1,10,0.2,50,16,11,24,24,16,24,3,22,3,11,83.30591760243827,18,function_IEEE_30
48,run_2025-08-29_03-24-05,config_1,7,1,0.9,2,10,0.9,20,1,10,0.2,50,13,2,2,2,7,22,27,2,2,22,60.75436103269089,19,function_IEEE_30
49,run_2025-08-29_09-31-38,config_1,1,1,0.9,2,10,0.5,20,1,10,0.2,50,18,0,11,4,18,6,27,18,11,5,83.62958536688184,11,function_IEEE_30
50,run_2025-08-29_09-31-38,config_1,2,1,0.9,2,10,0.5,20,1,10,0.2,50,2,2,9,9,26,22,2,2,9,15,70.28350465061963,18,function_IEEE_30
51,run_2025-08-29_09-31-38,config_1,3,1,0.9,2,10,0.5,20,1,10,0.2,50,20,10,10,1,18,20,10,24,5,1,81.5538916534439,19,function_IEEE_30
52,run_2025-08-29_09-31-38,config_1,4,1,0.9,2,10,0.5,20,1,10,0.2,50,14,0,5,11,14,20,30,11,0,20,69.96481884499433,18,function_IEEE_30
53,run_2025-08-29_09-31-38,config_1,5,1,0.9,2,10,0.5,20,1,10,0.2,50,2,3,31,23,2,3,21,9,31,17,91.23074538392875,18,function_IEEE_30
54,run_2025-08-29_09-31-38,config_1,6,1,0.9,2,10,0.5,20,1,10,0.2,50,5,11,5,21,25,21,10,25,10,27,77.91403492021858,15,function_IEEE_30
55,run_2025-08-29_09-31-38,config_1,7,1,0.9,2,10,0.5,20,1,10,0.2,50,25,11,21,25,21,7,7,10,31,12,90.3892695833925,14,function_IEEE_30
56,run_2025-08-29_09-31-38,config_2,1,2,0.9,2,10,0.5,20,1,10,0.2,50,31,18,18,31,24,30,13,24,8,30,71.03936704629072,15,function_IEEE_30
57,run_2025-08-29_09-31-38,config_2,2,2,0.9,2,10,0.5,20,1,10,0.2,50,23,12,29,28,23,29,0,11,29,29,70.29502002498131,19,function_IEEE_30
58,run_2025-08-29_09-31-38,config_2,3,2,0.9,2,10,0.5,20,1,10,0.2,50,25,8,8,31,8,21,25,2,30,27,90.61766048075884,12,function_IEEE_30
59,run_2025-08-29_09-31-38,config_2,4,2,0.9,2,10,0.5,20,1,10,0.2,50,26,9,17,17,27,18,9,26,2,18,80.10815500375237,8,function_IEEE_30
60,run_2025-08-29_09-31-38,config_2,5,2,0.9,2,10,0.5,20,1,10,0.2,50,15,16,10,10,26,26,10,26,6,26,76.10668818897702,18,function_IEEE_30
61,run_2025-08-29_09-31-38,config_2,6,2,0.9,2,10,0.5,20,1,10,0.2,50,29,30,28,7,1,7,28,19,30,7,83.95485074397826,13,function_IEEE_30
62,run_2025-08-29_09-31-38,config_2,7,2,0.9,2,10,0.5,20,1,10,0.2,50,27,22,10,31,31,27,1,10,10,27,72.34833197231806,13,function_IEEE_30
63,run_2025-08-29_09-31-38,config_3,1,3,0.9,2,10,0.5,20,1,10,0.2,50,7,26,26,7,20,8,8,26,31,15,79.6032091818544,2,function_IEEE_30
64,run_2025-08-29_09-31-38,config_3,2,3,0.9,2,10,0.5,20,1,10,0.2,50,10,9,7,3,3,12,9,14,26,16,80.6576796606395,12,function_IEEE_30
65,run_2025-08-29_09-31-38,config_3,3,3,0.9,2,10,0.5,20,1,10,0.2,50,28,15,28,13,30,15,21,28,29,29,94.35191265863823,14,function_IEEE_30
66,run_2025-08-29_09-31-38,config_3,4,3,0.9,2,10,0.5,20,1,10,0.2,50,11,30,30,11,17,6,9,4,9,6,91.2215597566585,14,function_IEEE_30
67,run_2025-08-29_09-31-38,config_3,5,3,0.9,2,10,0.5,20,1,10,0.2,50,1,22,21,1,28,22,22,12,29,3,85.92082288136916,7,function_IEEE_30
68,run_2025-08-29_09-31-38,config_3,6,3,0.9,2,10,0.5,20,1,10,0.2,50,12,4,9,12,19,10,7,12,3,25,100.9821152014726,17,function_IEEE_30
69,run_2025-08-29_09-31-38,config_3,7,3,0.9,2,10,0.5,20,1,10,0.2,50,13,21,20,14,28,21,2,19,2,21,82.94329206738793,16,function_IEEE_30
70,run_2025-08-29_09-31-38,config_4,1,4,0.9,2,10,0.5,20,1,10,0.2,50,8,14,28,20,8,29,28,7,1,7,89.95663958569145,15,function_IEEE_30
71,run_2025-08-29_09-31-38,config_4,2,4,0.9,2,10,0.5,20,1,10,0.2,50,24,25,25,13,2,31,8,2,25,20,70.72014930294843,17,function_IEEE_30
72,run_2025-08-29_09-31-38,config_4,3,4,0.9,2,10,0.5,20,1,10,0.2,50,10,19,25,24,24,26,25,10,30,26,64.36583496108256,16,function_IEEE_30
73,run_2025-08-29_12-36-25,config_1,1,1,0.9,2,10,0.5,20,1,10,0.2,50,3,3,3,3,11,26,3,17,0,26,73.78724275057083,18,function_IEEE_30
74,run_2025-08-29_12-36-25,config_1,2,1,0.9,2,10,0.5,20,1,10,0.2,50,28,10,10,28,28,26,30,26,3,28,76.17908603751954,19,function_IEEE_30
75,run_2025-08-29_12-36-25,config_1,3,1,0.9,2,10,0.5,20,1,10,0.2,50,5,29,5,10,16,25,0,5,29,25,70.77780894915028,15,function_IEEE_30
76,run_2025-08-29_12-36-25,config_1,4,1,0.9,2,10,0.5,20,1,10,0.2,50,2,19,19,11,2,2,18,18,12,2,79.4310226761526,18,function_IEEE_30
77,run_2025-08-29_12-36-25,config_1,5,1,0.9,2,10,0.5,20,1,10,0.2,50,7,4,2,2,23,16,2,30,2,4,82.43808998802103,8,function_IEEE_30
78,run_2025-08-29_12-36-25,config_1,6,1,0.9,2,10,0.5,20,1,10,0.2,50,13,14,8,9,20,13,14,13,8,22,87.32889206035736,17,function_IEEE_30
79,run_2025-08-29_12-36-25,config_1,7,1,0.9,2,10,0.5,20,1,10,0.2,50,24,24,25,18,29,0,25,11,30,0,71.85081189465204,17,function_IEEE_30
80,run_2025-08-29_12-36-25,config_1,8,1,0.9,2,10,0.5,20,1,10,0.2,50,18,28,28,28,28,8,19,2,8,8,72.03163115364866,17,function_IEEE_30
81,run_2025-08-29_12-36-25,config_1,9,1,0.9,2,10,0.5,20,1,10,0.2,50,15,24,14,7,29,1,24,15,24,19,81.80476421593224,9,function_IEEE_30
82,run_2025-08-29_12-56-14,config_1,1,1,0.9,2,10,0.5,20,1,10,0.2,50,15,4,4,4,15,31,4,13,31,25,80.66023053161592,19,function_IEEE_30
83,run_2025-08-29_12-56-14,config_1,2,1,0.9,2,10,0.5,20,1,10,0.2,50,10,12,11,10,0,12,18,0,24,12,70.14666828285621,19,function_IEEE_30
84,run_2025-08-29_12-56-14,config_1,3,1,0.9,2,10,0.5,20,1,10,0.2,50,5,5,5,4,5,12,11,4,26,17,71.89511224673814,13,function_IEEE_30
85,run_2025-08-29_12-56-14,config_1,4,1,0.9,2,10,0.5,20,1,10,0.2,50,25,26,26,25,17,11,10,9,2,19,80.3040159455697,11,function_IEEE_30
86,run_2025-08-29_12-56-14,config_1,5,1,0.9,2,10,0.5,20,1,10,0.2,50,7,14,2,26,26,20,19,25,26,14,91.43248535301586,6,function_IEEE_30
87,run_2025-08-29_12-56-14,config_1,6,1,0.9,2,10,0.5,20,1,10,0.2,50,27,27,31,27,21,5,14,31,9,5,90.09116093324292,14,function_IEEE_30
88,run_2025-08-29_12-56-14,config_1,7,1,0.9,2,10,0.5,20,1,10,0.2,50,29,30,29,24,20,14,29,14,30,26,84.270182858442,19,function_IEEE_30
89,run_2025-08-29_12-56-14,config_1,8,1,0.9,2,10,0.5,20,1,10,0.2,50,30,5,6,30,19,7,5,6,13,7,79.57624366224009,18,function_IEEE_30
90,run_2025-08-29_12-56-14,config_1,9,1,0.9,2,10,0.5,20,1,10,0.2,50,0,1,1,16,25,27,22,0,1,8,71.90706968461106,12,function_IEEE_30
91,run_2025-08-29_13-11-59,config_1,1,1,0.9,2,10,0.5,20,1,10,0.2,50,9,11,1,26,9,21,16,26,11,2,81.59929238614657,17,function_IEEE_30
92,run_2025-08-29_13-11-59,config_1,2,1,0.9,2,10,0.5,20,1,10,0.2,50,19,1,30,25,21,31,14,25,8,31,91.20370300559101,16,function_IEEE_30
93,run_2025-08-29_13-11-59,config_1,3,1,0.9,2,10,0.5,20,1,10,0.2,50,17,0,3,11,27,5,3,28,28,5,91.50992383097463,17,function_IEEE_30
94,run_2025-08-29_13-11-59,config_1,4,1,0.9,2,10,0.5,20,1,10,0.2,50,12,5,29,7,10,16,5,10,7,16,83.51597533576862,14,function_IEEE_30
95,run_2025-08-29_13-11-59,config_1,5,1,0.9,2,10,0.5,20,1,10,0.2,50,31,15,10,29,29,10,15,25,3,10,83.39607650522957,17,function_IEEE_30
96,run_2025-08-29_13-11-59,config_1,6,1,0.9,2,10,0.5,20,1,10,0.2,50,1,31,31,1,7,3,26,7,31,15,60.36298738026565,16,function_IEEE_30
97,run_2025-08-29_13-11-59,config_1,7,1,0.9,2,10,0.5,20,1,10,0.2,50,16,14,14,31,0,19,25,16,11,19,81.33401170113055,19,function_IEEE_30
98,run_2025-08-29_13-11-59,config_1,8,1,0.9,2,10,0.5,20,1,10,0.2,50,12,14,13,13,1,21,14,14,7,16,94.24221039560808,14,function_IEEE_30
99,run_2025-08-29_13-11-59,config_1,9,1,0.9,2,10,0.5,20,1,10,0.2,50,8,18,14,12,8,14,24,12,30,14,70.0580724516906,14,function_IEEE_30
100,run_2025-08-29_13-27-48,config_1,1,1,0.9,2,10,0.5,20,1,10,0.2,50,6,11,1,10,12,6,30,10,1,12,71.27083524782145,14,function_IEEE_30
101,run_2025-08-29_13-27-48,config_1,2,1,0.9,2,10,0.5,20,1,10,0.2,50,31,16,16,17,0,17,25,16,25,12,80.32374204294429,17,function_IEEE_30
102,run_2025-08-29_13-27-48,config_1,3,1,0.9,2,10,0.5,20,1,10,0.2,50,11,17,0,17,5,17,11,18,0,18,90.15308331915274,19,function_IEEE_30
103,run_2025-08-29_13-27-48,config_1,4,1,0.9,2,10,0.5,20,1,10,0.2,50,19,5,5,19,31,20,15,31,10,20,71.2713184328072,11,function_IEEE_30
104,run_2025-08-29_13-27-48,config_1,5,1,0.9,2,10,0.5,20,1,10,0.2,50,5,31,27,25,25,7,0,25,0,13,81.00982443887447,16,function_IEEE_30
105,run_2025-08-29_13-27-48,config_1,6,1,0.9,2,10,0.5,20,1,10,0.2,50,14,31,7,14,14,1,31,25,26,1,62.05937180723794,17,function_IEEE_30
106,run_2025-08-29_13-27-48,config_1,7,1,0.9,2,10,0.5,20,1,10,0.2,50,26,27,27,18,26,1,6,11,1,11,80.6920425387038,15,function_IEEE_30
107,run_2025-08-29_13-27-48,config_1,8,1,0.9,2,10,0.5,20,1,10,0.2,50,30,2,9,18,3,7,25,3,2,7,81.80934525964373,11,function_IEEE_30
108,run_2025-08-29_13-27-48,config_1,9,1,0.9,2,10,0.5,20,1,10,0.2,50,2,24,24,6,6,2,18,30,3,8,70.76923618861733,16,function_IEEE_30
109,run_2025-08-29_13-30-50,config_1,1,1,0.9,2,10,0.5,20,1,10,0.2,50,6,30,10,6,6,11,12,17,30,12,79.58882563455383,18,function_IEEE_30
110,run_2025-08-29_13-30-50,config_1,2,1,0.9,2,10,0.5,20,1,10,0.2,50,10,20,17,10,10,16,1,16,9,25,90.6303626928863,10,function_IEEE_30
111,run_2025-08-29_13-30-50,config_1,3,1,0.9,2,10,0.5,20,1,10,0.2,50,4,26,14,13,13,14,26,12,4,5,81.6938423034044,19,function_IEEE_30
112,run_2025-08-29_13-30-50,config_1,4,1,0.9,2,10,0.5,20,1,10,0.2,50,7,15,15,22,0,9,28,7,28,11,80.5730832777789,17,function_IEEE_30
113,run_2025-08-29_13-30-50,config_1,5,1,0.9,2,10,0.5,20,1,10,0.2,50,0,12,12,0,23,7,13,13,7,12,89.80479047587292,8,function_IEEE_30
114,run_2025-08-29_13-30-50,config_1,6,1,0.9,2,10,0.5,20,1,10,0.2,50,2,25,22,11,11,3,2,21,25,21,80.23246595137162,14,function_IEEE_30
115,run_2025-08-29_13-30-50,config_1,7,1,0.9,2,10,0.5,20,1,10,0.2,50,27,21,5,21,14,24,28,26,5,24,82.01234191803778,9,function_IEEE_30
116,run_2025-08-29_13-30-50,config_1,8,1,0.9,2,10,0.5,20,1,10,0.2,50,0,31,0,0,6,5,31,0,31,12,62.3788851875768,16,function_IEEE_30
117,run_2025-08-29_13-30-50,config_1,9,1,0.9,2,10,0.5,20,1,10,0.2,50,6,7,16,4,21,3,1,1,29,3,91.0656006181139,11,function_IEEE_30
118,run_2025-08-29_13-54-29,config_1,1,1,0.9,2,10,0.5,20,1,10,0.2,50,29,29,20,0,0,31,1,0,7,13,81.47216319261737,16,function_IEEE_30
119,run_2025-08-29_13-54-29,config_1,2,1,0.9,2,10,0.5,20,1,10,0.2,50,2,29,13,29,29,4,2,1,30,4,81.55536181276165,18,function_IEEE_30
120,run_2025-08-29_13-54-29,config_1,3,1,0.9,2,10,0.5,20,1,10,0.2,50,15,15,2,16,27,20,2,27,27,16,80.10897673681087,8,function_IEEE_30
121,run_2025-08-29_13-54-29,config_1,4,1,0.9,2,10,0.5,20,1,10,0.2,50,13,28,0,11,13,19,0,17,0,13,65.35592171292812,19,function_IEEE_30
122,run_2025-08-29_13-54-29,config_1,5,1,0.9,2,10,0.5,20,1,10,0.2,50,3,11,27,3,28,3,4,28,4,28,74.94005679061841,16,function_IEEE_30
123,run_2025-08-29_13-54-29,config_1,6,1,0.9,2,10,0.5,20,1,10,0.2,50,27,0,13,20,20,26,13,27,5,26,72.64593956338219,17,function_IEEE_30
124,run_2025-08-29_13-54-29,config_1,7,1,0.9,2,10,0.5,20,1,10,0.2,50,30,25,30,26,6,26,20,26,25,26,70.49185363842115,18,function_IEEE_30
125,run_2025-08-29_13-54-29,config_1,8,1,0.9,2,10,0.5,20,1,10,0.2,50,3,17,17,3,2,18,25,3,3,2,70.5534269836413,14,function_IEEE_30
126,run_2025-08-29_13-54-29,config_1,9,1,0.9,2,10,0.5,20,1,10,0.2,50,11,25,25,11,14,23,3,14,25,27,79.92269374411791,14,function_IEEE_30
127,run_2025-08-29_14-44-12,config_1,1,1,0.9,2,10,0.5,20,1,10,0.2,50,1,16,1,1,1,1,16,10,1,5,62.84529003892763,12,function_IEEE_30
128,run_2025-08-29_14-44-12,config_1,2,1,0.9,2,10,0.5,20,1,10,0.2,50,11,10,6,0,11,25,0,11,0,25,72.34863445397022,17,function_IEEE_30
129,run_2025-08-29_14-44-12,config_1,3,1,0.9,2,10,0.5,20,1,10,0.2,50,11,1,31,10,11,16,26,17,1,16,80.13127376050605,19,function_IEEE_30
130,run_2025-08-29_14-44-12,config_1,4,1,0.9,2,10,0.5,20,1,10,0.2,50,31,9,3,26,31,28,3,26,25,14,92.392785348302,15,function_IEEE_30
131,run_2025-08-29_14-44-12,config_1,5,1,0.9,2,10,0.5,20,1,10,0.2,50,3,16,3,19,3,19,3,3,10,21,73.06558769841936,13,function_IEEE_30
132,run_2025-08-29_14-44-12,config_1,6,1,0.9,2,10,0.5,20,1,10,0.2,50,14,15,8,31,31,31,24,31,2,31,71.39688765768912,12,function_IEEE_30
133,run_2025-08-29_14-44-12,config_1,7,1,0.9,2,10,0.5,20,1,10,0.2,50,8,3,15,8,2,22,21,2,2,7,81.44583189661856,17,function_IEEE_30
134,run_2025-08-29_14-44-12,config_1,8,1,0.9,2,10,0.5,20,1,10,0.2,50,25,26,29,25,25,20,31,25,24,10,80.18576770428342,19,function_IEEE_30
135,run_2025-08-29_14-44-12,config_1,9,1,0.9,2,10,0.5,20,1,10,0.2,50,0,14,3,0,19,6,3,25,31,31,90.61505075197732,9,function_IEEE_30
136,run_2025-08-29_15-03-54,config_1,1,1,0.9,2,10,0.5,20,1,10,0.2,50,30,6,2,4,17,23,2,4,30,2,89.31863232503748,13,function_IEEE_30
137,run_2025-08-29_15-03-54,config_1,2,1,0.9,2,10,0.5,20,1,10,0.2,50,22,23,5,22,29,18,23,1,5,22,85.15060400596124,19,function_IEEE_30
138,run_2025-08-29_15-03-54,config_1,3,1,0.9,2,10,0.5,20,1,10,0.2,50,5,27,6,6,6,15,6,0,0,20,76.96367567049279,15,function_IEEE_30
139,run_2025-08-29_15-03-54,config_1,4,1,0.9,2,10,0.5,20,1,10,0.2,50,15,7,30,4,21,23,7,21,30,4,81.51582784301205,13,function_IEEE_30
140,run_2025-08-29_15-03-54,config_1,5,1,0.9,2,10,0.5,20,1,10,0.2,50,12,13,7,20,7,22,7,20,31,0,74.30036657653909,12,function_IEEE_30
141,run_2025-08-29_15-03-54,config_1,6,1,0.9,2,10,0.5,20,1,10,0.2,50,11,2,25,30,17,11,2,9,4,3,101.2003392277212,5,function_IEEE_30
142,run_2025-08-29_15-03-54,config_1,7,1,0.9,2,10,0.5,20,1,10,0.2,50,0,6,0,0,21,23,30,0,30,16,70.80993599454636,19,function_IEEE_30
143,run_2025-08-29_15-03-54,config_1,8,1,0.9,2,10,0.5,20,1,10,0.2,50,29,11,25,31,31,20,20,2,30,25,90.43446652667252,18,function_IEEE_30
144,run_2025-08-29_15-03-54,config_1,9,1,0.9,2,10,0.5,20,1,10,0.2,50,11,5,30,22,11,30,5,14,1,6,90.87278521924063,14,function_IEEE_30
145,run_2025-08-29_15-22-28,config_1,1,1,0.9,2,10,0.5,20,1,10,0.2,50,15,5,5,4,15,25,25,16,11,12,92.04388657092042,18,function_IEEE_30
146,run_2025-08-29_15-22-28,config_1,2,1,0.9,2,10,0.5,20,1,10,0.2,50,28,28,28,25,4,29,20,4,25,24,89.87952977081328,18,function_IEEE_30
147,run_2025-08-29_15-22-28,config_1,3,1,0.9,2,10,0.5,20,1,10,0.2,50,22,31,2,18,8,8,31,22,2,2,80.68961751417656,14,function_IEEE_30
148,run_2025-08-29_15-22-28,config_1,4,1,0.9,2,10,0.5,20,1,10,0.2,50,20,14,1,20,7,9,31,13,1,15,81.11048398111619,17,function_IEEE_30
149,run_2025-08-29_15-22-28,config_1,5,1,0.9,2,10,0.5,20,1,10,0.2,50,3,27,16,3,3,22,16,27,3,8,71.34994177819186,19,function_IEEE_30
150,run_2025-08-29_15-22-28,config_1,6,1,0.9,2,10,0.5,20,1,10,0.2,50,13,18,25,12,12,19,25,8,8,26,80.40397373810325,17,function_IEEE_30
151,run_2025-08-29_15-22-28,config_1,7,1,0.9,2,10,0.5,20,1,10,0.2,50,7,7,13,12,27,14,7,7,27,22,70.30942543578827,19,function_IEEE_30
152,run_2025-08-29_15-22-28,config_1,8,1,0.9,2,10,0.5,20,1,10,0.2,50,11,11,24,24,11,25,19,11,25,5,71.10660191434498,18,function_IEEE_30
153,run_2025-08-29_15-22-28,config_1,9,1,0.9,2,10,0.5,20,1,10,0.2,50,21,28,10,10,2,22,10,2,28,28,79.90178127964363,13,function_IEEE_30
154,run_2025-08-29_15-42-33,config_1,1,1,0.9,2,10,0.5,20,1,10,0.2,50,27,10,5,29,29,16,15,21,10,29,80.30494722259486,13,function_IEEE_30
155,run_2025-08-29_15-42-33,config_1,2,1,0.9,2,10,0.5,20,1,10,0.2,50,6,0,3,0,0,8,14,5,0,14,80.70044621807986,15,function_IEEE_30
156,run_2025-08-29_15-42-33,config_1,3,1,0.9,2,10,0.5,20,1,10,0.2,50,6,9,9,6,6,0,12,17,4,13,81.62597023710038,17,function_IEEE_30
157,run_2025-08-29_15-42-33,config_1,4,1,0.9,2,10,0.5,20,1,10,0.2,50,10,23,31,10,10,12,18,12,10,5,81.69389017988638,19,function_IEEE_30
158,run_2025-08-29_15-42-33,config_1,5,1,0.9,2,10,0.5,20,1,10,0.2,50,13,3,14,28,28,3,3,20,4,4,82.57435723404583,8,function_IEEE_30
159,run_2025-08-29_15-42-33,config_1,6,1,0.9,2,10,0.5,20,1,10,0.2,50,1,9,22,9,9,9,22,1,27,16,73.89686564372616,18,function_IEEE_30
160,run_2025-08-29_15-42-33,config_1,7,1,0.9,2,10,0.5,20,1,10,0.2,50,24,29,11,23,9,30,18,24,2,23,100.7472646202053,12,function_IEEE_30
161,run_2025-08-29_15-42-33,config_1,8,1,0.9,2,10,0.5,20,1,10,0.2,50,14,1,3,8,8,20,3,25,1,20,72.32486835524847,8,function_IEEE_30
162,run_2025-08-29_15-42-33,config_1,9,1,0.9,2,10,0.5,20,1,10,0.2,50,22,22,2,2,14,3,2,22,30,7,80.67645214337233,17,function_IEEE_30
177,run_2025-08-29_22-30-32,config_1,1,1,0.9,2,10,0.9,20,1,10,0.2,50,28,4,0,28,17,0,0,22,12,12,89.76015900060054,19,function_IEEE_30
178,run_2025-08-29_22-31-32,config_1,1,1,0.9,2,10,0.9,20,1,10,0.2,50,9,26,2,9,16,31,2,2,30,31,71.04033541158812,18,function_IEEE_30
179,run_2025-08-29_22-31-32,config_1,2,1,0.9,2,10,0.9,20,1,10,0.2,50,23,24,9,14,0,24,24,0,30,30,80.16733681652978,17,function_IEEE_30
180,run_2025-08-29_22-31-32,config_1,3,1,0.9,2,10,0.9,20,1,10,0.2,50,6,7,2,23,16,12,30,16,24,30,90.41670607044452,18,function_IEEE_30
181,run_2025-08-29_22-31-32,config_1,4,1,0.9,2,10,0.9,20,1,10,0.2,50,10,6,11,4,10,16,1,4,6,24,72.16578028226735,19,function_IEEE_30
182,run_2025-08-29_22-31-32,config_1,5,1,0.9,2,10,0.9,20,1,10,0.2,50,19,4,4,25,31,19,25,13,25,21,81.54271606382926,8,function_IEEE_30
183,run_2025-08-29_22-31-32,config_1,6,1,0.9,2,10,0.9,20,1,10,0.2,50,7,28,1,7,7,29,1,13,1,20,61.77644326508683,16,function_IEEE_30
184,run_2025-08-29_22-31-32,config_1,7,1,0.9,2,10,0.9,20,1,10,0.2,50,4,24,4,23,23,10,5,10,9,29,85.57578872894793,11,function_IEEE_30
185,run_2025-08-29_22-31-32,config_2,1,2,0.9,2,10,0.8,20,1,10,0.2,50,22,29,1,15,7,17,1,23,29,2,90.29362360009027,17,function_IEEE_30
186,run_2025-08-29_22-31-32,config_2,2,2,0.9,2,10,0.8,20,1,10,0.2,50,31,31,31,3,3,20,18,3,31,11,70.18824480255118,18,function_IEEE_30
187,run_2025-08-29_22-31-32,config_2,3,2,0.9,2,10,0.8,20,1,10,0.2,50,0,13,13,28,0,8,21,28,7,8,61.25866289953512,7,function_IEEE_30
188,run_2025-08-29_22-31-32,config_2,4,2,0.9,2,10,0.8,20,1,10,0.2,50,0,30,0,10,29,17,22,29,30,17,70.78867289162237,15,function_IEEE_30
189,run_2025-08-29_22-31-32,config_2,5,2,0.9,2,10,0.8,20,1,10,0.2,50,24,29,24,30,17,30,25,30,24,25,62.69291211683719,15,function_IEEE_30
190,run_2025-08-29_22-31-32,config_2,6,2,0.9,2,10,0.8,20,1,10,0.2,50,18,0,26,18,31,5,26,18,13,25,81.09231610956533,18,function_IEEE_30
191,run_2025-08-29_22-31-32,config_2,7,2,0.9,2,10,0.8,20,1,10,0.2,50,25,13,20,11,25,13,13,25,26,18,79.83020313818875,16,function_IEEE_30
192,run_2025-08-29_22-31-32,config_3,1,3,0.9,2,10,0.1,20,1,10,0.2,50,17,31,25,7,19,31,31,31,25,23,89.74507382096436,19,function_IEEE_30
193,run_2025-08-29_22-31-32,config_3,2,3,0.9,2,10,0.1,20,1,10,0.2,50,12,10,9,4,4,25,19,12,9,14,86.68665621987898,12,function_IEEE_30
194,run_2025-08-29_22-31-32,config_3,3,3,0.9,2,10,0.1,20,1,10,0.2,50,12,13,13,14,21,14,13,28,0,13,79.59211533644131,13,function_IEEE_30
195,run_2025-08-29_22-31-32,config_3,4,3,0.9,2,10,0.1,20,1,10,0.2,50,27,28,17,21,23,3,17,22,7,3,94.41712425643333,16,function_IEEE_30
196,run_2025-08-29_22-31-32,config_3,5,3,0.9,2,10,0.1,20,1,10,0.2,50,13,3,3,29,10,20,8,10,29,4,93.73331862106501,11,function_IEEE_30
197,run_2025-08-29_22-31-32,config_3,6,3,0.9,2,10,0.1,20,1,10,0.2,50,16,6,30,18,12,19,30,24,6,22,100.0688941114055,19,function_IEEE_30
198,run_2025-08-29_22-31-32,config_3,7,3,0.9,2,10,0.1,20,1,10,0.2,50,13,14,13,0,4,14,27,18,27,2,91.97830253647437,14,function_IEEE_30
199,run_2025-08-29_22-31-32,config_4,1,4,0.9,2,10,0.2,20,1,10,0.2,50,27,1,10,27,25,14,14,8,1,21,100.6285276379097,8,function_IEEE_30
200,run_2025-08-29_22-31-32,config_4,2,4,0.9,2,10,0.2,20,1,10,0.2,50,12,6,1,12,6,17,23,11,2,14,100.6585299615067,6,function_IEEE_30
201,run_2025-08-29_22-31-32,config_4,3,4,0.9,2,10,0.2,20,1,10,0.2,50,0,25,24,0,8,26,20,28,29,20,90.96292666878124,15,function_IEEE_30
202,run_2025-08-29_22-31-32,config_4,4,4,0.9,2,10,0.2,20,1,10,0.2,50,13,2,26,25,31,24,28,13,2,24,82.66191658722859,11,function_IEEE_30
203,run_2025-08-29_22-31-32,config_4,5,4,0.9,2,10,0.2,20,1,10,0.2,50,15,10,14,10,27,16,22,27,3,15,89.97297315257818,15,function_IEEE_30
204,run_2025-08-29_22-31-32,config_4,6,4,0.9,2,10,0.2,20,1,10,0.2,50,27,27,22,13,24,15,30,27,1,20,99.76855734105945,17,function_IEEE_30
205,run_2025-08-29_22-31-32,config_4,7,4,0.9,2,10,0.2,20,1,10,0.2,50,13,1,1,30,21,31,30,13,31,7,71.82976225648677,11,function_IEEE_30
482,run_2025-08-31_15-58-02,config_2,1,2,0.9,2,5,0.8,20,1,10,0.2,50,20,,27,13,20,3,,,,,58.68755728818169,18,function_IEEE_14
483,run_2025-08-31_15-58-02,config_2,2,2,0.9,2,5,0.8,20,1,10,0.2,50,16,,29,16,6,24,,,,,52.4573094373051,13,function_IEEE_14
484,run_2025-08-31_15-58-02,config_2,3,2,0.9,2,5,0.8,20,1,10,0.2,50,31,,0,10,31,1,,,,,50.98397950809326,16,function_IEEE_14
485,run_2025-08-31_15-58-02,config_2,4,2,0.9,2,5,0.8,20,1,10,0.2,50,22,,12,22,31,18,,,,,50.57577825945873,9,function_IEEE_14
486,run_2025-08-31_15-58-02,config_2,5,2,0.9,2,5,0.8,20,1,10,0.2,50,11,,25,11,30,20,,,,,50.5757782594587,3,function_IEEE_14
487,run_2025-08-31_15-58-02,config_2,6,2,0.9,2,5,0.8,20,1,10,0.2,50,8,,31,2,2,21,,,,,52.51270044949989,2,function_IEEE_14
488,run_2025-08-31_15-58-02,config_2,7,2,0.9,2,5,0.8,20,1,10,0.2,50,6,,16,6,6,0,,,,,42.41186250080916,16,function_IEEE_14
489,run_2025-08-31_15-58-02,config_3,1,3,0.9,2,5,0.1,20,1,10,0.2,50,24,,9,9,24,9,,,,,51.75036884886001,10,function_IEEE_14
490,run_2025-08-31_15-58-02,config_3,2,3,0.9,2,5,0.1,20,1,10,0.2,50,10,,12,10,3,12,,,,,53.08322460474876,15,function_IEEE_14
491,run_2025-08-31_15-58-02,config_3,3,3,0.9,2,5,0.1,20,1,10,0.2,50,14,,22,7,29,22,,,,,64.01259582259942,1,function_IEEE_14
492,run_2025-08-31_15-58-02,config_3,4,3,0.9,2,5,0.1,20,1,10,0.2,50,24,,0,24,30,8,,,,,52.40268210446767,-1,function_IEEE_14
493,run_2025-08-31_15-58-02,config_3,5,3,0.9,2,5,0.1,20,1,10,0.2,50,0,,30,11,11,17,,,,,53.63218834744382,-1,function_IEEE_14
494,run_2025-08-31_15-58-02,config_3,6,3,0.9,2,5,0.1,20,1,10,0.2,50,11,,0,20,11,31,,,,,59.03797325202582,-1,function_IEEE_14
495,run_2025-08-31_15-58-02,config_3,7,3,0.9,2,5,0.1,20,1,10,0.2,50,9,,23,30,30,4,,,,,53.31155147821902,18,function_IEEE_14
496,run_2025-08-31_15-58-02,config_4,1,4,0.9,2,5,0.05,20,1,10,0.2,50,21,,2,21,12,23,,,,,57.15825098945236,11,function_IEEE_14
497,run_2025-08-31_15-58-02,config_4,2,4,0.9,2,5,0.05,20,1,10,0.2,50,23,,30,12,12,18,,,,,53.6321883474438,11,function_IEEE_14
498,run_2025-08-31_15-58-02,config_4,3,4,0.9,2,5,0.05,20,1,10,0.2,50,28,,10,18,28,17,,,,,63.7841678053763,10,function_IEEE_14
499,run_2025-08-31_15-58-02,config_4,4,4,0.9,2,5,0.05,20,1,10,0.2,50,15,,31,25,25,17,,,,,52.51270044950005,17,function_IEEE_14
500,run_2025-08-31_16-04-07,config_1,1,1,0.9,2,5,0.9,20,1,10,0.2,50,18,,7,18,18,8,,,,,49.48402432438627,5,function_IEEE_14
501,run_2025-08-31_16-04-07,config_1,2,1,0.9,2,5,0.9,20,1,10,0.2,50,21,,16,4,4,17,,,,,53.63218834744394,15,function_IEEE_14
502,run_2025-08-31_16-04-07,config_1,3,1,0.9,2,5,0.9,20,1,10,0.2,50,2,,31,2,2,8,,,,,40.49047096288854,15,function_IEEE_14
503,run_2025-08-31_16-04-07,config_1,4,1,0.9,2,5,0.9,20,1,10,0.2,50,23,,9,23,30,18,,,,,50.57577825945867,6,function_IEEE_14
504,run_2025-08-31_16-04-07,config_1,5,1,0.9,2,5,0.9,20,1,10,0.2,50,3,,4,26,26,11,,,,,52.66540773051619,13,function_IEEE_14
505,run_2025-08-31_16-04-07,config_1,6,1,0.9,2,5,0.9,20,1,10,0.2,50,17,,24,0,17,12,,,,,59.93827917870161,6,function_IEEE_14
506,run_2025-08-31_16-04-07,config_1,7,1,0.9,2,5,0.9,20,1,10,0.2,50,30,,20,1,1,7,,,,,52.66540773051624,16,function_IEEE_14
507,run_2025-08-31_16-04-07,config_2,1,2,0.9,2,5,0.8,20,1,10,0.2,50,0,,6,0,0,17,,,,,40.49047096288859,14,function_IEEE_14
508,run_2025-08-31_16-04-07,config_2,2,2,0.9,2,5,0.8,20,1,10,0.2,50,23,,8,23,0,17,,,,,50.57577825945867,16,function_IEEE_14
509,run_2025-08-31_16-04-07,config_2,3,2,0.9,2,5,0.8,20,1,10,0.2,50,0,,6,0,0,12,,,,,40.49047096288859,5,function_IEEE_14
510,run_2025-08-31_16-04-07,config_2,4,2,0.9,2,5,0.8,20,1,10,0.2,50,22,,7,22,1,8,,,,,50.57577825945859,15,function_IEEE_14
511,run_2025-08-31_16-04-07,config_2,5,2,0.9,2,5,0.8,20,1,10,0.2,50,28,,22,28,28,22,,,,,40.49047096288852,16,function_IEEE_14
512,run_2025-08-31_16-04-07,config_2,6,2,0.9,2,5,0.8,20,1,10,0.2,50,20,,2,20,28,9,,,,,50.57577825945862,15,function_IEEE_14
513,run_2025-08-31_16-04-07,config_2,7,2,0.9,2,5,0.8,20,1,10,0.2,50,11,,26,11,11,7,,,,,49.58388510895465,18,function_IEEE_14
514,run_2025-08-31_16-04-07,config_3,1,3,0.9,2,5,0.1,20,1,10,0.2,50,5,,25,13,5,21,,,,,51.91881934876969,2,function_IEEE_14
515,run_2025-08-31_16-04-07,config_3,2,3,0.9,2,5,0.1,20,1,10,0.2,50,13,,31,19,13,25,,,,,52.71767037748878,13,function_IEEE_14
516,run_2025-08-31_16-04-07,config_3,3,3,0.9,2,5,0.1,20,1,10,0.2,50,1,,7,25,25,17,,,,,52.6654077305162,1,function_IEEE_14
517,run_2025-08-31_16-04-07,config_3,4,3,0.9,2,5,0.1,20,1,10,0.2,50,5,,26,22,31,22,,,,,63.91660423326631,19,function_IEEE_14
518,run_2025-08-31_16-04-07,config_3,5,3,0.9,2,5,0.1,20,1,10,0.2,50,4,,22,29,4,11,,,,,53.89148964378273,10,function_IEEE_14
519,run_2025-08-31_16-04-07,config_3,6,3,0.9,2,5,0.1,20,1,10,0.2,50,16,,3,3,16,3,,,,,62.07743894704315,19,function_IEEE_14
520,run_2025-08-31_16-04-07,config_3,7,3,0.9,2,5,0.1,20,1,10,0.2,50,1,,21,20,1,17,,,,,52.42507894127207,11,function_IEEE_14
521,run_2025-08-31_16-04-07,config_4,1,4,0.9,2,5,0.05,20,1,10,0.2,50,31,,13,18,25,2,,,,,63.36301627797087,15,function_IEEE_14
522,run_2025-08-31_16-04-07,config_4,2,4,0.9,2,5,0.05,20,1,10,0.2,50,6,,13,6,6,21,,,,,41.61301147209024,11,function_IEEE_14
523,run_2025-08-31_16-04-07,config_4,3,4,0.9,2,5,0.05,20,1,10,0.2,50,20,,8,13,28,20,,,,,62.91458121309608,13,function_IEEE_14
524,run_2025-08-31_16-04-07,config_4,4,4,0.9,2,5,0.05,20,1,10,0.2,50,31,,13,2,25,20,,,,,64.16530310361573,10,function_IEEE_14
525,run_2025-08-31_16-04-07,config_4,5,4,0.9,2,5,0.05,20,1,10,0.2,50,19,,27,19,2,20,,,,,65.4933345011864,19,function_IEEE_14
526,run_2025-08-31_16-04-07,config_4,6,4,0.9,2,5,0.05,20,1,10,0.2,50,20,,3,27,27,22,,,,,52.51270044950001,19,function_IEEE_14
527,run_2025-08-31_16-04-07,config_4,7,4,0.9,2,5,0.05,20,1,10,0.2,50,15,,16,5,5,22,,,,,53.63218834744401,10,function_IEEE_14
528,run_2025-08-31_16-34-49,config_1,1,1,0.9,2,5,0.9,20,1,10,0.2,50,30,,24,8,30,25,,,,,51.09995226767175,12,function_IEEE_14
529,run_2025-08-31_16-34-49,config_1,2,1,0.9,2,5,0.9,20,1,10,0.2,50,4,,14,4,4,21,,,,,41.61301147209024,13,function_IEEE_14
530,run_2025-08-31_16-34-49,config_1,3,1,0.9,2,5,0.9,20,1,10,0.2,50,24,,2,24,30,13,,,,,52.40268210446764,8,function_IEEE_14
531,run_2025-08-31_16-34-49,config_1,4,1,0.9,2,5,0.9,20,1,10,0.2,50,27,,13,27,27,14,,,,,40.49047096288857,14,function_IEEE_14
532,run_2025-08-31_16-34-49,config_1,5,1,0.9,2,5,0.9,20,1,10,0.2,50,12,,13,16,31,18,,,,,62.56780601186745,4,function_IEEE_14
533,run_2025-08-31_16-34-49,config_1,6,1,0.9,2,5,0.9,20,1,10,0.2,50,14,,7,14,0,22,,,,,50.57577825945867,18,function_IEEE_14
534,run_2025-08-31_16-34-49,config_1,7,1,0.9,2,5,0.9,20,1,10,0.2,50,4,,28,4,4,14,,,,,41.61301147209014,7,function_IEEE_14
535,run_2025-08-31_16-34-49,config_2,1,2,0.9,2,5,0.8,20,1,10,0.2,50,18,,9,18,0,10,,,,,50.92435253976517,11,function_IEEE_14
536,run_2025-08-31_16-34-49,config_2,2,2,0.9,2,5,0.8,20,1,10,0.2,50,21,,2,21,21,2,,,,,49.59999708396484,19,function_IEEE_14
537,run_2025-08-31_16-34-49,config_2,3,2,0.9,2,5,0.8,20,1,10,0.2,50,9,,10,9,30,18,,,,,51.65197017531489,12,function_IEEE_14
538,run_2025-08-31_16-34-49,config_2,4,2,0.9,2,5,0.8,20,1,10,0.2,50,26,,0,8,26,20,,,,,50.63540522778678,14,function_IEEE_14
539,run_2025-08-31_16-34-49,config_2,5,2,0.9,2,5,0.8,20,1,10,0.2,50,1,,29,17,17,23,,,,,60.64886384813624,2,function_IEEE_14
540,run_2025-08-31_16-34-49,config_2,6,2,0.9,2,5,0.8,20,1,10,0.2,50,25,,18,18,25,18,,,,,50.63540522778679,14,function_IEEE_14
541,run_2025-08-31_16-34-49,config_2,7,2,0.9,2,5,0.8,20,1,10,0.2,50,1,,9,1,1,19,,,,,40.49047096288859,19,function_IEEE_14
542,run_2025-08-31_16-34-49,config_3,1,3,0.9,2,5,0.1,20,1,10,0.2,50,31,,13,7,31,23,,,,,51.88612711830656,9,function_IEEE_14
543,run_2025-08-31_16-34-49,config_3,2,3,0.9,2,5,0.1,20,1,10,0.2,50,23,,7,0,0,17,,,,,52.51270044949986,12,function_IEEE_14
544,run_2025-08-31_16-34-49,config_3,3,3,0.9,2,5,0.1,20,1,10,0.2,50,26,,3,15,26,11,,,,,51.08384029266171,10,function_IEEE_14
545,run_2025-08-31_16-34-49,config_3,4,3,0.9,2,5,0.1,20,1,10,0.2,50,26,,19,18,26,13,,,,,51.08384029266173,12,function_IEEE_14
546,run_2025-08-31_16-34-49,config_3,5,3,0.9,2,5,0.1,20,1,10,0.2,50,20,,8,20,31,16,,,,,50.57577825945867,12,function_IEEE_14
547,run_2025-08-31_16-34-49,config_3,6,3,0.9,2,5,0.1,20,1,10,0.2,50,20,,9,14,0,10,,,,,63.11044821238615,17,function_IEEE_14
548,run_2025-08-31_16-34-49,config_3,7,3,0.9,2,5,0.1,20,1,10,0.2,50,21,,22,21,25,27,,,,,55.82944423995509,19,function_IEEE_14
549,run_2025-08-31_16-34-49,config_4,1,4,0.9,2,5,0.05,20,1,10,0.2,50,1,,30,18,1,14,,,,,52.36725441364458,11,function_IEEE_14
550,run_2025-08-31_16-34-49,config_4,2,4,0.9,2,5,0.05,20,1,10,0.2,50,13,,7,31,31,1,,,,,53.31155147821895,10,function_IEEE_14
551,run_2025-08-31_16-34-49,config_4,3,4,0.9,2,5,0.05,20,1,10,0.2,50,27,,27,11,0,17,,,,,65.09527597172693,10,function_IEEE_14
552,run_2025-08-31_16-34-49,config_4,4,4,0.9,2,5,0.05,20,1,10,0.2,50,25,,7,17,25,13,,,,,51.08384029266171,1,function_IEEE_14
553,run_2025-08-31_16-34-49,config_4,5,4,0.9,2,5,0.05,20,1,10,0.2,50,21,,4,1,1,17,,,,,68.30238192444251,19,function_IEEE_14
554,run_2025-08-31_16-34-49,config_4,6,4,0.9,2,5,0.05,20,1,10,0.2,50,21,,1,21,1,13,,,,,53.7321975345943,10,function_IEEE_14
555,run_2025-08-31_16-34-49,config_4,7,4,0.9,2,5,0.05,20,1,10,0.2,50,11,,27,17,11,13,,,,,56.25326824896688,0,function_IEEE_14
556,run_2025-08-31_17-05-38,config_1,1,1,0.9,2,5,0.9,20,1,10,0.2,50,0,,26,0,31,13,,,,,51.6519701753148,17,function_IEEE_14
557,run_2025-08-31_17-05-38,config_1,2,1,0.9,2,5,0.9,20,1,10,0.2,50,5,,11,5,28,21,,,,,51.65197017531489,13,function_IEEE_14
558,run_2025-08-31_17-05-38,config_1,3,1,0.9,2,5,0.9,20,1,10,0.2,50,8,,28,15,8,23,,,,,51.91881934876969,13,function_IEEE_14
559,run_2025-08-31_17-05-38,config_1,4,1,0.9,2,5,0.9,20,1,10,0.2,50,24,,14,24,24,19,,,,,40.49047096288859,13,function_IEEE_14
560,run_2025-08-31_17-05-38,config_1,5,1,0.9,2,5,0.9,20,1,10,0.2,50,17,,31,17,25,17,,,,,50.57577825945869,13,function_IEEE_14
561,run_2025-08-31_17-05-38,config_1,6,1,0.9,2,5,0.9,20,1,10,0.2,50,4,,31,4,4,11,,,,,41.61301147209014,16,function_IEEE_14
562,run_2025-08-31_17-05-38,config_1,7,1,0.9,2,5,0.9,20,1,10,0.2,50,6,,26,13,6,21,,,,,51.91881934876969,15,function_IEEE_14
563,run_2025-08-31_17-05-38,config_2,1,2,0.9,2,5,0.8,20,1,10,0.2,50,21,,7,1,1,8,,,,,52.5127004494998,12,function_IEEE_14
564,run_2025-08-31_17-05-38,config_2,2,2,0.9,2,5,0.8,20,1,10,0.2,50,8,,24,1,1,14,,,,,52.51270044949985,18,function_IEEE_14
565,run_2025-08-31_17-05-38,config_2,3,2,0.9,2,5,0.8,20,1,10,0.2,50,14,,2,14,27,23,,,,,50.57577825945867,11,function_IEEE_14
566,run_2025-08-31_17-05-38,config_2,4,2,0.9,2,5,0.8,20,1,10,0.2,50,26,,5,26,13,19,,,,,53.48536225359513,16,function_IEEE_14
567,run_2025-08-31_17-05-38,config_2,5,2,0.9,2,5,0.8,20,1,10,0.2,50,1,,23,1,1,8,,,,,40.49047096288864,16,function_IEEE_14
568,run_2025-08-31_17-05-38,config_2,6,2,0.9,2,5,0.8,20,1,10,0.2,50,9,,0,9,27,23,,,,,50.57577825945863,14,function_IEEE_14
569,run_2025-08-31_17-05-38,config_2,7,2,0.9,2,5,0.8,20,1,10,0.2,50,19,,25,19,7,15,,,,,52.10689347346101,11,function_IEEE_14
570,run_2025-08-31_17-05-38,config_3,1,3,0.9,2,5,0.1,20,1,10,0.2,50,6,,17,16,16,26,,,,,67.79923677340395,0,function_IEEE_14
571,run_2025-08-31_17-05-38,config_3,2,3,0.9,2,5,0.1,20,1,10,0.2,50,24,,31,10,24,1,,,,,51.08384029266166,12,function_IEEE_14
572,run_2025-08-31_17-05-38,config_3,3,3,0.9,2,5,0.1,20,1,10,0.2,50,0,,13,18,18,8,,,,,61.25000619402747,17,function_IEEE_14
573,run_2025-08-31_17-05-38,config_3,4,3,0.9,2,5,0.1,20,1,10,0.2,50,20,,24,7,0,20,,,,,62.76187393207987,7,function_IEEE_14
574,run_2025-08-31_17-05-38,config_3,5,3,0.9,2,5,0.1,20,1,10,0.2,50,10,,2,17,27,2,,,,,63.22642097196466,13,function_IEEE_14
575,run_2025-08-31_17-05-38,config_3,6,3,0.9,2,5,0.1,20,1,10,0.2,50,10,,17,1,1,17,,,,,53.632188347444,3,function_IEEE_14
576,run_2025-08-31_17-05-38,config_3,7,3,0.9,2,5,0.1,20,1,10,0.2,50,12,,31,12,29,5,,,,,65.0979524503417,19,function_IEEE_14
577,run_2025-08-31_17-05-38,config_4,1,4,0.9,2,5,0.05,20,1,10,0.2,50,12,,1,12,6,28,,,,,52.45730943730521,19,function_IEEE_14
578,run_2025-08-31_17-05-38,config_4,2,4,0.9,2,5,0.05,20,1,10,0.2,50,26,,12,18,18,13,,,,,61.15014540945909,19,function_IEEE_14
579,run_2025-08-31_17-05-38,config_4,3,4,0.9,2,5,0.05,20,1,10,0.2,50,13,,8,13,28,30,,,,,53.20440398238348,13,function_IEEE_14
580,run_2025-08-31_17-05-38,config_4,4,4,0.9,2,5,0.05,20,1,10,0.2,50,27,,27,19,2,9,,,,,63.21030899695464,9,function_IEEE_14
581,run_2025-08-31_17-05-38,config_4,5,4,0.9,2,5,0.05,20,1,10,0.2,50,4,,24,13,30,6,,,,,63.26315549340264,11,function_IEEE_14
582,run_2025-08-31_17-05-38,config_4,6,4,0.9,2,5,0.05,20,1,10,0.2,50,10,,20,10,20,29,,,,,62.0387314712771,19,function_IEEE_14
583,run_2025-08-31_17-05-38,config_4,7,4,0.9,2,5,0.05,20,1,10,0.2,50,0,,22,7,31,15,,,,,64.16530310361573,10,function_IEEE_14
584,run_2025-08-31_18-40-45,config_1,1,1,0.9,2,5,0.9,20,1,10,0.2,50,1,,28,1,1,7,,,,,40.49047096288854,6,function_IEEE_14
585,run_2025-08-31_18-40-45,config_1,2,1,0.9,2,5,0.9,20,1,10,0.2,50,12,,20,12,12,21,,,,,49.13545004407983,15,function_IEEE_14
586,run_2025-08-31_18-40-45,config_1,3,1,0.9,2,5,0.9,20,1,10,0.2,50,31,,1,31,31,7,,,,,40.49047096288854,15,function_IEEE_14
587,run_2025-08-31_18-40-45,config_1,4,1,0.9,2,5,0.9,20,1,10,0.2,50,22,,10,22,31,17,,,,,50.57577825945867,17,function_IEEE_14
588,run_2025-08-31_18-40-45,config_1,5,1,0.9,2,5,0.9,20,1,10,0.2,50,0,,21,30,30,21,,,,,52.51270044949981,9,function_IEEE_14
589,run_2025-08-31_18-40-45,config_1,6,1,0.9,2,5,0.9,20,1,10,0.2,50,11,,28,11,11,17,,,,,41.61301147209014,12,function_IEEE_14
590,run_2025-08-31_18-40-45,config_1,7,1,0.9,2,5,0.9,20,1,10,0.2,50,20,,16,26,26,16,,,,,52.51270044949987,15,function_IEEE_14
591,run_2025-08-31_18-40-45,config_2,1,2,0.9,2,5,0.8,20,1,10,0.2,50,7,,0,7,7,19,,,,,41.61301147209014,9,function_IEEE_14
592,run_2025-08-31_18-40-45,config_2,2,2,0.9,2,5,0.8,20,1,10,0.2,50,14,,31,14,5,31,,,,,52.12300544847117,10,function_IEEE_14
593,run_2025-08-31_18-40-45,config_2,3,2,0.9,2,5,0.8,20,1,10,0.2,50,26,,5,26,26,13,,,,,40.49047096288859,19,function_IEEE_14
594,run_2025-08-31_18-40-45,config_2,4,2,0.9,2,5,0.8,20,1,10,0.2,50,4,,12,25,4,19,,,,,53.89148964378268,17,function_IEEE_14
595,run_2025-08-31_18-40-45,config_2,5,2,0.9,2,5,0.8,20,1,10,0.2,50,1,,11,1,1,22,,,,,41.61301147209024,16,function_IEEE_14
596,run_2025-08-31_18-40-45,config_2,6,2,0.9,2,5,0.8,20,1,10,0.2,50,4,,20,4,4,21,,,,,49.13545004407983,18,function_IEEE_14
597,run_2025-08-31_18-40-45,config_2,7,2,0.9,2,5,0.8,20,1,10,0.2,50,8,,3,24,24,16,,,,,52.51270044949985,19,function_IEEE_14
598,run_2025-08-31_18-40-45,config_3,1,3,0.9,2,5,0.1,20,1,10,0.2,50,9,,21,9,31,0,,,,,51.3746292881778,19,function_IEEE_14
599,run_2025-08-31_18-40-45,config_3,2,3,0.9,2,5,0.1,20,1,10,0.2,50,13,,2,13,25,25,,,,,53.20440398238348,15,function_IEEE_14
600,run_2025-08-31_18-40-45,config_3,3,3,0.9,2,5,0.1,20,1,10,0.2,50,12,,28,3,3,24,,,,,54.43103937616299,19,function_IEEE_14
601,run_2025-08-31_18-40-45,config_3,4,3,0.9,2,5,0.1,20,1,10,0.2,50,20,,28,20,20,7,,,,,49.13545004407976,13,function_IEEE_14
602,run_2025-08-31_18-40-45,config_3,5,3,0.9,2,5,0.1,20,1,10,0.2,50,28,,1,28,28,15,,,,,40.49047096288859,10,function_IEEE_14
603,run_2025-08-31_18-40-45,config_3,6,3,0.9,2,5,0.1,20,1,10,0.2,50,15,,0,26,26,0,,,,,52.97724748938486,16,function_IEEE_14
604,run_2025-08-31_18-40-45,config_3,7,3,0.9,2,5,0.1,20,1,10,0.2,50,24,,25,24,30,6,,,,,52.89627227481672,10,function_IEEE_14
605,run_2025-08-31_18-40-45,config_4,1,4,0.9,2,5,0.05,20,1,10,0.2,50,17,,0,28,28,1,,,,,52.86127472980633,12,function_IEEE_14
606,run_2025-08-31_18-40-45,config_4,2,4,0.9,2,5,0.05,20,1,10,0.2,50,19,,26,19,31,6,,,,,51.02421332433352,13,function_IEEE_14
607,run_2025-08-31_18-40-45,config_4,3,4,0.9,2,5,0.05,20,1,10,0.2,50,17,,25,17,0,10,,,,,52.10689347346101,11,function_IEEE_14
608,run_2025-08-31_18-40-45,config_4,4,4,0.9,2,5,0.05,20,1,10,0.2,50,28,,9,17,17,10,,,,,61.15014540945909,18,function_IEEE_14
609,run_2025-08-31_18-40-45,config_4,5,4,0.9,2,5,0.05,20,1,10,0.2,50,25,,20,25,11,5,,,,,59.43358989933601,9,function_IEEE_14
610,run_2025-08-31_18-40-45,config_4,6,4,0.9,2,5,0.05,20,1,10,0.2,50,13,,28,3,3,23,,,,,53.63218834744391,10,function_IEEE_14
611,run_2025-08-31_18-40-45,config_4,7,4,0.9,2,5,0.05,20,1,10,0.2,50,20,,10,20,28,3,,,,,51.02421332433359,2,function_IEEE_14
612,run_2025-08-31_19-10-42,config_1,1,1,0.9,2,5,0.9,20,1,10,0.2,50,24,,30,24,24,4,,,,,40.49047096288854,9,function_IEEE_14
613,run_2025-08-31_19-10-42,config_1,2,1,0.9,2,5,0.9,20,1,10,0.2,50,11,,22,11,31,22,,,,,50.57577825945861,11,function_IEEE_14
614,run_2025-08-31_19-10-42,config_1,3,1,0.9,2,5,0.9,20,1,10,0.2,50,5,,22,5,27,23,,,,,50.5757782594587,14,function_IEEE_14
615,run_2025-08-31_19-10-42,config_1,4,1,0.9,2,5,0.9,20,1,10,0.2,50,4,,31,4,4,10,,,,,41.61301147209014,8,function_IEEE_14
616,run_2025-08-31_19-10-42,config_1,5,1,0.9,2,5,0.9,20,1,10,0.2,50,18,,4,18,18,9,,,,,49.58388510895465,19,function_IEEE_14
617,run_2025-08-31_19-10-42,config_1,6,1,0.9,2,5,0.9,20,1,10,0.2,50,12,,2,12,12,7,,,,,42.06144653696502,14,function_IEEE_14
618,run_2025-08-31_19-10-42,config_1,7,1,0.9,2,5,0.9,20,1,10,0.2,50,26,,1,26,26,9,,,,,40.49047096288854,13,function_IEEE_14
619,run_2025-08-31_19-10-42,config_2,1,2,0.9,2,5,0.8,20,1,10,0.2,50,0,,31,0,0,9,,,,,40.49047096288854,16,function_IEEE_14
620,run_2025-08-31_19-10-42,config_2,2,2,0.9,2,5,0.8,20,1,10,0.2,50,1,,30,20,1,13,,,,,51.91881934876969,19,function_IEEE_14
621,run_2025-08-31_19-10-42,config_2,3,2,0.9,2,5,0.8,20,1,10,0.2,50,28,,3,28,28,22,,,,,40.49047096288863,14,function_IEEE_14
622,run_2025-08-31_19-10-42,config_2,4,2,0.9,2,5,0.8,20,1,10,0.2,50,19,,14,19,27,21,,,,,50.57577825945874,15,function_IEEE_14
623,run_2025-08-31_19-10-42,config_2,5,2,0.9,2,5,0.8,20,1,10,0.2,50,21,,15,21,27,23,,,,,50.57577825945879,12,function_IEEE_14
624,run_2025-08-31_19-10-42,config_2,6,2,0.9,2,5,0.8,20,1,10,0.2,50,22,,0,28,28,5,,,,,52.51270044949982,8,function_IEEE_14
625,run_2025-08-31_19-10-42,config_2,7,2,0.9,2,5,0.8,20,1,10,0.2,50,28,,5,12,28,6,,,,,50.98397950809327,7,function_IEEE_14
626,run_2025-08-31_19-10-42,config_3,1,3,0.9,2,5,0.1,20,1,10,0.2,50,31,,26,19,31,0,,,,,51.08384029266166,15,function_IEEE_14
627,run_2025-08-31_19-10-42,config_3,2,3,0.9,2,5,0.1,20,1,10,0.2,50,27,,17,20,27,22,,,,,50.44133730757463,1,function_IEEE_14
628,run_2025-08-31_19-10-42,config_3,3,3,0.9,2,5,0.1,20,1,10,0.2,50,18,,6,24,24,7,,,,,52.86127472980633,19,function_IEEE_14
629,run_2025-08-31_19-10-42,config_3,4,3,0.9,2,5,0.1,20,1,10,0.2,50,3,,4,11,11,19,,,,,53.78489562846027,14,function_IEEE_14
630,run_2025-08-31_19-10-42,config_3,5,3,0.9,2,5,0.1,20,1,10,0.2,50,1,,2,27,27,10,,,,,52.66540773051619,15,function_IEEE_14
631,run_2025-08-31_19-10-42,config_3,6,3,0.9,2,5,0.1,20,1,10,0.2,50,27,,10,17,27,0,,,,,51.08384029266171,11,function_IEEE_14
632,run_2025-08-31_19-10-42,config_3,7,3,0.9,2,5,0.1,20,1,10,0.2,50,27,,20,6,6,27,,,,,61.26611816903755,10,function_IEEE_14
633,run_2025-08-31_19-10-42,config_4,1,4,0.9,2,5,0.05,20,1,10,0.2,50,30,,19,1,1,10,,,,,54.23333069333521,9,function_IEEE_14
634,run_2025-08-31_19-10-42,config_4,2,4,0.9,2,5,0.05,20,1,10,0.2,50,11,,21,11,1,29,,,,,52.45730943730531,14,function_IEEE_14
635,run_2025-08-31_19-10-42,config_4,3,4,0.9,2,5,0.05,20,1,10,0.2,50,5,,6,20,5,14,,,,,54.87585225315051,11,function_IEEE_14
636,run_2025-08-31_19-10-42,config_4,4,4,0.9,2,5,0.05,20,1,10,0.2,50,28,,27,28,5,28,,,,,58.69898994519315,1,function_IEEE_14
637,run_2025-08-31_19-10-42,config_4,5,4,0.9,2,5,0.05,20,1,10,0.2,50,27,,13,19,27,19,,,,,50.63540522778689,19,function_IEEE_14
638,run_2025-08-31_19-10-42,config_4,6,4,0.9,2,5,0.05,20,1,10,0.2,50,25,,10,15,25,10,,,,,50.98397950809331,19,function_IEEE_14
639,run_2025-08-31_19-10-42,config_4,7,4,0.9,2,5,0.05,20,1,10,0.2,50,5,,15,14,5,23,,,,,53.16954123928946,14,function_IEEE_14
640,run_2025-08-31_19-40-43,config_1,1,1,0.9,2,5,0.9,20,1,10,0.2,50,30,,25,30,30,4,,,,,40.49047096288854,14,function_IEEE_14
641,run_2025-08-31_19-40-43,config_1,2,1,0.9,2,5,0.9,20,1,10,0.2,50,17,,1,17,27,13,,,,,51.02421332433355,19,function_IEEE_14
642,run_2025-08-31_19-40-43,config_1,3,1,0.9,2,5,0.9,20,1,10,0.2,50,20,,9,20,30,15,,,,,50.57577825945867,18,function_IEEE_14
643,run_2025-08-31_19-40-43,config_1,4,1,0.9,2,5,0.9,20,1,10,0.2,50,2,,28,17,17,23,,,,,60.64886384813624,16,function_IEEE_14
644,run_2025-08-31_19-40-43,config_1,5,1,0.9,2,5,0.9,20,1,10,0.2,50,23,,31,23,23,9,,,,,49.13545004407976,12,function_IEEE_14
645,run_2025-08-31_19-40-43,config_1,6,1,0.9,2,5,0.9,20,1,10,0.2,50,19,,12,19,19,12,,,,,49.48402432438631,15,function_IEEE_14
646,run_2025-08-31_19-40-43,config_1,7,1,0.9,2,5,0.9,20,1,10,0.2,50,14,,14,14,27,16,,,,,51.6167078048887,7,function_IEEE_14
647,run_2025-08-31_19-40-43,config_2,1,2,0.9,2,5,0.8,20,1,10,0.2,50,20,,30,20,1,12,,,,,51.65845840858612,19,function_IEEE_14
648,run_2025-08-31_19-40-43,config_2,2,2,0.9,2,5,0.8,20,1,10,0.2,50,19,,0,19,19,1,,,,,49.48402432438627,11,function_IEEE_14
649,run_2025-08-31_19-40-43,config_2,3,2,0.9,2,5,0.8,20,1,10,0.2,50,12,,26,12,12,19,,,,,41.61301147209014,16,function_IEEE_14
650,run_2025-08-31_19-40-43,config_2,4,2,0.9,2,5,0.8,20,1,10,0.2,50,26,,2,26,26,3,,,,,40.49047096288852,9,function_IEEE_14
651,run_2025-08-31_19-40-43,config_2,5,2,0.9,2,5,0.8,20,1,10,0.2,50,13,,19,13,13,4,,,,,42.06144653696511,18,function_IEEE_14
652,run_2025-08-31_19-40-43,config_2,6,2,0.9,2,5,0.8,20,1,10,0.2,50,7,,16,21,31,16,,,,,62.7618739320797,19,function_IEEE_14
653,run_2025-08-31_19-40-43,config_2,7,2,0.9,2,5,0.8,20,1,10,0.2,50,16,,30,9,9,4,,,,,54.43103937616299,10,function_IEEE_14
654,run_2025-08-31_19-40-43,config_3,1,3,0.9,2,5,0.1,20,1,10,0.2,50,6,,6,6,31,6,,,,,50.9243525397653,4,function_IEEE_14
655,run_2025-08-31_19-40-43,config_3,2,3,0.9,2,5,0.1,20,1,10,0.2,50,18,,1,9,29,2,,,,,64.47714286248429,19,function_IEEE_14
656,run_2025-08-31_19-40-43,config_3,3,3,0.9,2,5,0.1,20,1,10,0.2,50,31,,2,31,31,3,,,,,40.49047096288852,10,function_IEEE_14
657,run_2025-08-31_19-40-43,config_3,4,3,0.9,2,5,0.1,20,1,10,0.2,50,28,,23,14,28,1,,,,,51.08384029266175,0,function_IEEE_14
658,run_2025-08-31_19-40-43,config_3,5,3,0.9,2,5,0.1,20,1,10,0.2,50,12,,22,0,12,0,,,,,61.54403134367764,15,function_IEEE_14
659,run_2025-08-31_19-40-43,config_3,6,3,0.9,2,5,0.1,20,1,10,0.2,50,16,,4,16,25,25,,,,,53.20440398238348,11,function_IEEE_14
660,run_2025-08-31_19-40-43,config_3,7,3,0.9,2,5,0.1,20,1,10,0.2,50,3,,10,18,3,20,,,,,51.9188193487698,4,function_IEEE_14
661,run_2025-08-31_19-40-43,config_4,1,4,0.9,2,5,0.05,20,1,10,0.2,50,6,,12,6,24,0,,,,,52.45082120403397,0,function_IEEE_14
662,run_2025-08-31_19-40-43,config_4,2,4,0.9,2,5,0.05,20,1,10,0.2,50,16,,25,16,16,5,,,,,49.58388510895465,11,function_IEEE_14
663,run_2025-08-31_19-40-43,config_4,3,4,0.9,2,5,0.05,20,1,10,0.2,50,18,,30,18,0,24,,,,,52.45730943730521,12,function_IEEE_14
664,run_2025-08-31_19-40-43,config_4,4,4,0.9,2,5,0.05,20,1,10,0.2,50,21,,2,27,27,11,,,,,52.51270044949987,10,function_IEEE_14
665,run_2025-08-31_19-40-43,config_4,5,4,0.9,2,5,0.05,20,1,10,0.2,50,12,,16,12,26,12,,,,,51.41723473258799,3,function_IEEE_14
666,run_2025-08-31_19-40-43,config_4,6,4,0.9,2,5,0.05,20,1,10,0.2,50,0,,0,25,25,14,,,,,52.51270044949996,12,function_IEEE_14
667,run_2025-08-31_19-40-43,config_4,7,4,0.9,2,5,0.05,20,1,10,0.2,50,13,,13,20,27,22,,,,,62.76187393207971,3,function_IEEE_14
668,run_2025-08-31_20-10-40,config_1,1,1,0.9,2,5,0.9,20,1,10,0.2,50,2,,15,14,2,8,,,,,52.33456218318143,8,function_IEEE_14
669,run_2025-08-31_20-10-40,config_1,2,1,0.9,2,5,0.9,20,1,10,0.2,50,16,,0,16,24,1,,,,,50.92435253976513,19,function_IEEE_14
670,run_2025-08-31_20-10-40,config_1,3,1,0.9,2,5,0.9,20,1,10,0.2,50,11,,6,11,25,7,,,,,50.92435253976513,15,function_IEEE_14
671,run_2025-08-31_20-10-40,config_1,4,1,0.9,2,5,0.9,20,1,10,0.2,50,0,,0,0,25,20,,,,,51.06936842980777,16,function_IEEE_14
672,run_2025-08-31_20-10-40,config_1,5,1,0.9,2,5,0.9,20,1,10,0.2,50,10,,17,10,10,18,,,,,41.61301147209016,18,function_IEEE_14
673,run_2025-08-31_20-10-40,config_1,6,1,0.9,2,5,0.9,20,1,10,0.2,50,31,,8,21,31,17,,,,,50.63540522778682,11,function_IEEE_14
674,run_2025-08-31_20-10-40,config_1,7,1,0.9,2,5,0.9,20,1,10,0.2,50,0,,31,0,0,6,,,,,40.49047096288854,18,function_IEEE_14
675,run_2025-08-31_20-10-40,config_2,1,2,0.9,2,5,0.8,20,1,10,0.2,50,15,,9,26,26,22,,,,,52.51270044949987,13,function_IEEE_14
676,run_2025-08-31_20-10-40,config_2,2,2,0.9,2,5,0.8,20,1,10,0.2,50,31,,1,31,31,17,,,,,40.49047096288859,9,function_IEEE_14
